id;ger_name;type1;type2;catch_rate;stat_kp;stat_a;stat_d;stat_sa_or_stat_special;stat_sd_or_stat_init;stat_init_or_none;against_normal;against_kampf;against_flug;against_gift;against_boden;against_gestein;against_käfer;against_geist;against_stahl;against_feuer;against_wasser;against_pflanze;against_elektro;against_psycho;against_eis;against_drachen;against_unlicht;base_total;generation
1;Bisasam;Pflanze;Gift;70;45;49;49;65;65;45;1.0;0.5;2.0;1.0;1.0;1.0;1.0;1.0;1.0;2.0;0.5;0.25;0.5;2.0;2.0;1.0;1.0;318;1
2;Bisaknosp;Pflanze;Gift;70;60;62;63;80;80;60;1.0;0.5;2.0;1.0;1.0;1.0;1.0;1.0;1.0;2.0;0.5;0.25;0.5;2.0;2.0;1.0;1.0;405;1
3;Bisaflor;Pflanze;Gift;70;80;82;83;100;100;80;1.0;0.5;2.0;1.0;1.0;1.0;1.0;1.0;1.0;2.0;0.5;0.25;0.5;2.0;2.0;1.0;1.0;525;1
4;Glumanda;Feuer;;70;39;52;43;60;50;65;1.0;1.0;1.0;1.0;2.0;2.0;0.5;1.0;0.5;0.5;2.0;0.5;1.0;1.0;0.5;1.0;1.0;309;1
5;Glutexo;Feuer;;70;58;64;58;80;65;80;1.0;1.0;1.0;1.0;2.0;2.0;0.5;1.0;0.5;0.5;2.0;0.5;1.0;1.0;0.5;1.0;1.0;405;1
6;Glurak;Feuer;Flug;70;78;84;78;109;85;100;1.0;0.5;1.0;1.0;0.0;4.0;0.25;1.0;0.5;0.5;2.0;0.25;2.0;1.0;1.0;1.0;1.0;534;1
7;Schiggy;Wasser;;70;44;48;65;50;64;43;1.0;1.0;1.0;1.0;1.0;1.0;1.0;1.0;0.5;0.5;0.5;2.0;2.0;1.0;0.5;1.0;1.0;314;1
8;Schillok;Wasser;;70;59;63;80;65;80;58;1.0;1.0;1.0;1.0;1.0;1.0;1.0;1.0;0.5;0.5;0.5;2.0;2.0;1.0;0.5;1.0;1.0;405;1
9;Turtok;Wasser;;70;79;83;100;85;105;78;1.0;1.0;1.0;1.0;1.0;1.0;1.0;1.0;0.5;0.5;0.5;2.0;2.0;1.0;0.5;1.0;1.0;530;1
10;Raupy;Käfer;;70;45;30;35;20;20;45;1.0;0.5;2.0;1.0;0.5;2.0;1.0;1.0;1.0;2.0;1.0;0.5;1.0;1.0;1.0;1.0;1.0;195;1
11;Safcon;Käfer;;70;50;20;55;25;25;30;1.0;0.5;2.0;1.0;0.5;2.0;1.0;1.0;1.0;2.0;1.0;0.5;1.0;1.0;1.0;1.0;1.0;205;1
12;Smettbo;Käfer;Flug;70;60;45;50;80;80;70;1.0;0.25;2.0;1.0;0.0;4.0;0.5;1.0;1.0;2.0;1.0;0.25;2.0;1.0;2.0;1.0;1.0;385;1
13;Hornliu;Käfer;Gift;70;40;35;30;20;20;50;1.0;0.25;2.0;0.5;1.0;2.0;0.5;1.0;1.0;2.0;1.0;0.25;1.0;2.0;1.0;1.0;1.0;195;1
14;Kokuna;Käfer;Gift;70;45;25;50;25;25;35;1.0;0.25;2.0;0.5;1.0;2.0;0.5;1.0;1.0;2.0;1.0;0.25;1.0;2.0;1.0;1.0;1.0;205;1
15;Bibor;Käfer;Gift;70;65;80;40;45;80;75;1.0;0.25;2.0;0.5;1.0;2.0;0.5;1.0;1.0;2.0;1.0;0.25;1.0;2.0;1.0;1.0;1.0;385;1
16;Taubsi;Normal;Flug;70;40;45;40;35;35;56;1.0;1.0;1.0;1.0;0.0;2.0;0.5;0.0;1.0;1.0;1.0;0.5;2.0;1.0;2.0;1.0;1.0;251;1
17;Tauboga;Normal;Flug;70;63;60;55;50;50;71;1.0;1.0;1.0;1.0;0.0;2.0;0.5;0.0;1.0;1.0;1.0;0.5;2.0;1.0;2.0;1.0;1.0;349;1
18;Tauboss;Normal;Flug;70;83;80;75;70;70;91;1.0;1.0;1.0;1.0;0.0;2.0;0.5;0.0;1.0;1.0;1.0;0.5;2.0;1.0;2.0;1.0;1.0;469;1
19;Rattfratz;Normal;;70;30;56;35;25;35;72;1.0;2.0;1.0;1.0;1.0;1.0;1.0;0.0;1.0;1.0;1.0;1.0;1.0;1.0;1.0;1.0;1.0;253;1
20;Rattikarl;Normal;;70;55;81;60;50;70;97;1.0;2.0;1.0;1.0;1.0;1.0;1.0;0.0;1.0;1.0;1.0;1.0;1.0;1.0;1.0;1.0;1.0;413;1
21;Habitak;Normal;Flug;70;40;60;30;31;31;70;1.0;1.0;1.0;1.0;0.0;2.0;0.5;0.0;1.0;1.0;1.0;0.5;2.0;1.0;2.0;1.0;1.0;262;1
22;Ibitak;Normal;Flug;70;65;90;65;61;61;100;1.0;1.0;1.0;1.0;0.0;2.0;0.5;0.0;1.0;1.0;1.0;0.5;2.0;1.0;2.0;1.0;1.0;442;1
23;Rettan;Gift;;70;35;60;44;40;54;55;1.0;0.5;1.0;0.5;2.0;1.0;0.5;1.0;1.0;1.0;1.0;0.5;1.0;2.0;1.0;1.0;1.0;288;1
24;Arbok;Gift;;70;60;85;69;65;79;80;1.0;0.5;1.0;0.5;2.0;1.0;0.5;1.0;1.0;1.0;1.0;0.5;1.0;2.0;1.0;1.0;1.0;438;1
25;Pikachu;Elektro;;70;35;55;30;50;40;90;1.0;1.0;0.5;1.0;2.0;1.0;1.0;1.0;0.5;1.0;1.0;1.0;0.5;1.0;1.0;1.0;1.0;300;1
26;Raichu;Elektro;;70;60;90;55;90;80;100;1.0;1.0;0.5;1.0;2.0;1.0;1.0;1.0;0.5;1.0;1.0;1.0;0.5;1.0;1.0;1.0;1.0;475;1
27;Sandan;Boden;;70;50;75;85;20;30;40;1.0;1.0;1.0;0.5;1.0;0.5;1.0;1.0;1.0;1.0;2.0;2.0;0.0;1.0;2.0;1.0;1.0;300;1
28;Sandamer;Boden;;70;75;100;110;45;55;65;1.0;1.0;1.0;0.5;1.0;0.5;1.0;1.0;1.0;1.0;2.0;2.0;0.0;1.0;2.0;1.0;1.0;450;1
29;Nidoran♀;Gift;;70;55;47;52;40;40;41;1.0;0.5;1.0;0.5;2.0;1.0;0.5;1.0;1.0;1.0;1.0;0.5;1.0;2.0;1.0;1.0;1.0;275;1
30;Nidorina;Gift;;70;70;62;67;55;55;56;1.0;0.5;1.0;0.5;2.0;1.0;0.5;1.0;1.0;1.0;1.0;0.5;1.0;2.0;1.0;1.0;1.0;365;1
31;Nidoqueen;Gift;Boden;70;90;82;87;75;85;76;1.0;0.5;1.0;0.25;2.0;0.5;0.5;1.0;1.0;1.0;2.0;1.0;0.0;2.0;2.0;1.0;1.0;495;1
32;Nidoran♂;Gift;;70;46;57;40;40;40;50;1.0;0.5;1.0;0.5;2.0;1.0;0.5;1.0;1.0;1.0;1.0;0.5;1.0;2.0;1.0;1.0;1.0;273;1
33;Nidorino;Gift;;70;61;72;57;55;55;65;1.0;0.5;1.0;0.5;2.0;1.0;0.5;1.0;1.0;1.0;1.0;0.5;1.0;2.0;1.0;1.0;1.0;365;1
34;Nidoking;Gift;Boden;70;81;92;77;85;75;85;1.0;0.5;1.0;0.25;2.0;0.5;0.5;1.0;1.0;1.0;2.0;1.0;0.0;2.0;2.0;1.0;1.0;495;1
35;Piepi;Normal;;140;70;45;48;60;65;35;1.0;2.0;1.0;1.0;1.0;1.0;1.0;0.0;1.0;1.0;1.0;1.0;1.0;1.0;1.0;1.0;1.0;323;1
36;Pixi;Normal;;140;95;70;73;85;90;60;1.0;2.0;1.0;1.0;1.0;1.0;1.0;0.0;1.0;1.0;1.0;1.0;1.0;1.0;1.0;1.0;1.0;473;1
37;Vulpix;Feuer;;70;38;41;40;50;65;65;1.0;1.0;1.0;1.0;2.0;2.0;0.5;1.0;0.5;0.5;2.0;0.5;1.0;1.0;0.5;1.0;1.0;299;1
38;Vulnona;Feuer;;70;73;76;75;81;100;100;1.0;1.0;1.0;1.0;2.0;2.0;0.5;1.0;0.5;0.5;2.0;0.5;1.0;1.0;0.5;1.0;1.0;505;1
39;Pummeluff;Normal;;70;115;45;20;45;25;20;1.0;2.0;1.0;1.0;1.0;1.0;1.0;0.0;1.0;1.0;1.0;1.0;1.0;1.0;1.0;1.0;1.0;270;1
40;Knuddeluff;Normal;;70;140;70;45;75;50;45;1.0;2.0;1.0;1.0;1.0;1.0;1.0;0.0;1.0;1.0;1.0;1.0;1.0;1.0;1.0;1.0;1.0;425;1
41;Zubat;Gift;Flug;70;40;45;35;30;40;55;1.0;0.25;1.0;0.5;0.0;2.0;0.25;1.0;1.0;1.0;1.0;0.25;2.0;2.0;2.0;1.0;1.0;245;1
42;Golbat;Gift;Flug;70;75;80;70;65;75;90;1.0;0.25;1.0;0.5;0.0;2.0;0.25;1.0;1.0;1.0;1.0;0.25;2.0;2.0;2.0;1.0;1.0;455;1
43;Myrapla;Pflanze;Gift;70;45;50;55;75;65;30;1.0;0.5;2.0;1.0;1.0;1.0;1.0;1.0;1.0;2.0;0.5;0.25;0.5;2.0;2.0;1.0;1.0;320;1
44;Duflor;Pflanze;Gift;70;60;65;70;85;75;40;1.0;0.5;2.0;1.0;1.0;1.0;1.0;1.0;1.0;2.0;0.5;0.25;0.5;2.0;2.0;1.0;1.0;395;1
45;Giflor;Pflanze;Gift;70;75;80;85;100;90;50;1.0;0.5;2.0;1.0;1.0;1.0;1.0;1.0;1.0;2.0;0.5;0.25;0.5;2.0;2.0;1.0;1.0;480;1
46;Paras;Käfer;Pflanze;70;35;70;55;45;55;25;1.0;0.5;4.0;2.0;0.25;2.0;2.0;1.0;1.0;4.0;0.5;0.25;0.5;1.0;2.0;1.0;1.0;285;1
47;Parasek;Käfer;Pflanze;70;60;95;80;60;80;30;1.0;0.5;4.0;2.0;0.25;2.0;2.0;1.0;1.0;4.0;0.5;0.25;0.5;1.0;2.0;1.0;1.0;405;1
48;Bluzuk;Käfer;Gift;70;60;55;50;40;55;45;1.0;0.25;2.0;0.5;1.0;2.0;0.5;1.0;1.0;2.0;1.0;0.25;1.0;2.0;1.0;1.0;1.0;305;1
49;Omot;Käfer;Gift;70;70;65;60;90;75;90;1.0;0.25;2.0;0.5;1.0;2.0;0.5;1.0;1.0;2.0;1.0;0.25;1.0;2.0;1.0;1.0;1.0;450;1
50;Digda;Boden;;70;10;55;25;35;45;95;1.0;1.0;1.0;0.5;1.0;0.5;1.0;1.0;1.0;1.0;2.0;2.0;0.0;1.0;2.0;1.0;1.0;265;1
51;Digdri;Boden;;70;35;80;50;50;70;120;1.0;1.0;1.0;0.5;1.0;0.5;1.0;1.0;1.0;1.0;2.0;2.0;0.0;1.0;2.0;1.0;1.0;405;1
52;Mauzi;Normal;;70;40;45;35;40;40;90;1.0;2.0;1.0;1.0;1.0;1.0;1.0;0.0;1.0;1.0;1.0;1.0;1.0;1.0;1.0;1.0;1.0;290;1
53;Snobilikat;Normal;;70;65;70;60;65;65;115;1.0;2.0;1.0;1.0;1.0;1.0;1.0;0.0;1.0;1.0;1.0;1.0;1.0;1.0;1.0;1.0;1.0;440;1
54;Enton;Wasser;;70;50;52;48;65;50;55;1.0;1.0;1.0;1.0;1.0;1.0;1.0;1.0;0.5;0.5;0.5;2.0;2.0;1.0;0.5;1.0;1.0;320;1
55;Entoron;Wasser;;70;80;82;78;95;80;85;1.0;1.0;1.0;1.0;1.0;1.0;1.0;1.0;0.5;0.5;0.5;2.0;2.0;1.0;0.5;1.0;1.0;500;1
56;Menki;Kampf;;70;40;80;35;35;45;70;1.0;1.0;2.0;1.0;1.0;0.5;0.5;1.0;1.0;1.0;1.0;1.0;1.0;2.0;1.0;1.0;0.5;305;1
57;Rasaff;Kampf;;70;65;105;60;60;70;95;1.0;1.0;2.0;1.0;1.0;0.5;0.5;1.0;1.0;1.0;1.0;1.0;1.0;2.0;1.0;1.0;0.5;455;1
58;Fukano;Feuer;;70;55;70;45;70;50;60;1.0;1.0;1.0;1.0;2.0;2.0;0.5;1.0;0.5;0.5;2.0;0.5;1.0;1.0;0.5;1.0;1.0;350;1
59;Arkani;Feuer;;70;90;110;80;100;80;95;1.0;1.0;1.0;1.0;2.0;2.0;0.5;1.0;0.5;0.5;2.0;0.5;1.0;1.0;0.5;1.0;1.0;555;1
60;Quapsel;Wasser;;70;40;50;40;40;40;90;1.0;1.0;1.0;1.0;1.0;1.0;1.0;1.0;0.5;0.5;0.5;2.0;2.0;1.0;0.5;1.0;1.0;300;1
61;Quaputzi;Wasser;;70;65;65;65;50;50;90;1.0;1.0;1.0;1.0;1.0;1.0;1.0;1.0;0.5;0.5;0.5;2.0;2.0;1.0;0.5;1.0;1.0;385;1
62;Quappo;Wasser;Kampf;70;90;85;95;70;90;70;1.0;1.0;2.0;1.0;1.0;0.5;0.5;1.0;0.5;0.5;0.5;2.0;2.0;2.0;0.5;1.0;0.5;500;1
63;Abra;Psycho;;70;25;20;15;105;55;90;1.0;0.5;1.0;1.0;1.0;1.0;2.0;2.0;1.0;1.0;1.0;1.0;1.0;0.5;1.0;1.0;2.0;310;1
64;Kadabra;Psycho;;70;40;35;30;120;70;105;1.0;0.5;1.0;1.0;1.0;1.0;2.0;2.0;1.0;1.0;1.0;1.0;1.0;0.5;1.0;1.0;2.0;400;1
65;Simsala;Psycho;;70;55;50;45;135;85;120;1.0;0.5;1.0;1.0;1.0;1.0;2.0;2.0;1.0;1.0;1.0;1.0;1.0;0.5;1.0;1.0;2.0;490;1
66;Machollo;Kampf;;70;70;80;50;35;35;35;1.0;1.0;2.0;1.0;1.0;0.5;0.5;1.0;1.0;1.0;1.0;1.0;1.0;2.0;1.0;1.0;0.5;305;1
67;Maschock;Kampf;;70;80;100;70;50;60;45;1.0;1.0;2.0;1.0;1.0;0.5;0.5;1.0;1.0;1.0;1.0;1.0;1.0;2.0;1.0;1.0;0.5;405;1
68;Machomei;Kampf;;70;90;130;80;65;85;55;1.0;1.0;2.0;1.0;1.0;0.5;0.5;1.0;1.0;1.0;1.0;1.0;1.0;2.0;1.0;1.0;0.5;505;1
69;Knofensa;Pflanze;Gift;70;50;75;35;70;30;40;1.0;0.5;2.0;1.0;1.0;1.0;1.0;1.0;1.0;2.0;0.5;0.25;0.5;2.0;2.0;1.0;1.0;300;1
70;Ultrigaria;Pflanze;Gift;70;65;90;50;85;45;55;1.0;0.5;2.0;1.0;1.0;1.0;1.0;1.0;1.0;2.0;0.5;0.25;0.5;2.0;2.0;1.0;1.0;390;1
71;Sarzenia;Pflanze;Gift;70;80;105;65;100;60;70;1.0;0.5;2.0;1.0;1.0;1.0;1.0;1.0;1.0;2.0;0.5;0.25;0.5;2.0;2.0;1.0;1.0;480;1
72;Tentacha;Wasser;Gift;70;40;40;35;50;100;70;1.0;0.5;1.0;0.5;2.0;1.0;0.5;1.0;0.5;0.5;0.5;1.0;2.0;2.0;0.5;1.0;1.0;335;1
73;Tentoxa;Wasser;Gift;70;80;70;65;80;120;100;1.0;0.5;1.0;0.5;2.0;1.0;0.5;1.0;0.5;0.5;0.5;1.0;2.0;2.0;0.5;1.0;1.0;515;1
74;Kleinstein;Gestein;Boden;70;40;80;100;30;30;20;0.5;2.0;0.5;0.25;2.0;0.5;1.0;1.0;2.0;0.5;4.0;4.0;0.0;1.0;2.0;1.0;1.0;300;1
75;Georok;Gestein;Boden;70;55;95;115;45;45;35;0.5;2.0;0.5;0.25;2.0;0.5;1.0;1.0;2.0;0.5;4.0;4.0;0.0;1.0;2.0;1.0;1.0;390;1
76;Geowaz;Gestein;Boden;70;80;110;130;55;65;45;0.5;2.0;0.5;0.25;2.0;0.5;1.0;1.0;2.0;0.5;4.0;4.0;0.0;1.0;2.0;1.0;1.0;485;1
77;Ponita;Feuer;;70;50;85;55;65;65;90;1.0;1.0;1.0;1.0;2.0;2.0;0.5;1.0;0.5;0.5;2.0;0.5;1.0;1.0;0.5;1.0;1.0;410;1
78;Gallopa;Feuer;;70;65;100;70;80;80;105;1.0;1.0;1.0;1.0;2.0;2.0;0.5;1.0;0.5;0.5;2.0;0.5;1.0;1.0;0.5;1.0;1.0;500;1
79;Flegmon;Wasser;Psycho;70;90;65;65;40;40;15;1.0;0.5;1.0;1.0;1.0;1.0;2.0;2.0;0.5;0.5;0.5;2.0;2.0;0.5;0.5;1.0;2.0;315;1
80;Lahmus;Wasser;Psycho;70;95;75;110;100;80;30;1.0;0.5;1.0;1.0;1.0;1.0;2.0;2.0;0.5;0.5;0.5;2.0;2.0;0.5;0.5;1.0;2.0;490;1
81;Magnetilo;Elektro;Stahl;70;25;35;70;95;55;45;0.5;2.0;0.25;0.0;4.0;0.5;0.5;0.5;0.25;2.0;1.0;0.5;0.5;0.5;0.5;0.5;0.5;325;1
82;Magneton;Elektro;Stahl;70;50;60;95;120;70;70;0.5;2.0;0.25;0.0;4.0;0.5;0.5;0.5;0.25;2.0;1.0;0.5;0.5;0.5;0.5;0.5;0.5;465;1
83;Porenta;Normal;Flug;70;52;65;55;58;62;60;1.0;1.0;1.0;1.0;0.0;2.0;0.5;0.0;1.0;1.0;1.0;0.5;2.0;1.0;2.0;1.0;1.0;352;1
84;Dodu;Normal;Flug;70;35;85;45;35;35;75;1.0;1.0;1.0;1.0;0.0;2.0;0.5;0.0;1.0;1.0;1.0;0.5;2.0;1.0;2.0;1.0;1.0;310;1
85;Dodri;Normal;Flug;70;60;110;70;60;60;100;1.0;1.0;1.0;1.0;0.0;2.0;0.5;0.0;1.0;1.0;1.0;0.5;2.0;1.0;2.0;1.0;1.0;460;1
86;Jurob;Wasser;;70;65;45;55;45;70;45;1.0;1.0;1.0;1.0;1.0;1.0;1.0;1.0;0.5;0.5;0.5;2.0;2.0;1.0;0.5;1.0;1.0;325;1
87;Jugong;Wasser;Eis;70;90;70;80;70;95;70;1.0;2.0;1.0;1.0;1.0;2.0;1.0;1.0;1.0;1.0;0.5;2.0;2.0;1.0;0.25;1.0;1.0;475;1
88;Sleima;Gift;;70;80;80;50;40;50;25;1.0;0.5;1.0;0.5;2.0;1.0;0.5;1.0;1.0;1.0;1.0;0.5;1.0;2.0;1.0;1.0;1.0;325;1
89;Sleimok;Gift;;70;105;105;75;65;100;50;1.0;0.5;1.0;0.5;2.0;1.0;0.5;1.0;1.0;1.0;1.0;0.5;1.0;2.0;1.0;1.0;1.0;500;1
90;Muschas;Wasser;;70;30;65;100;45;25;40;1.0;1.0;1.0;1.0;1.0;1.0;1.0;1.0;0.5;0.5;0.5;2.0;2.0;1.0;0.5;1.0;1.0;305;1
91;Austos;Wasser;Eis;70;50;95;180;85;45;70;1.0;2.0;1.0;1.0;1.0;2.0;1.0;1.0;1.0;1.0;0.5;2.0;2.0;1.0;0.25;1.0;1.0;525;1
92;Nebulak;Geist;Gift;70;30;35;30;100;35;80;0.0;0.0;1.0;0.25;2.0;1.0;0.25;2.0;1.0;1.0;1.0;0.5;1.0;2.0;1.0;1.0;2.0;310;1
93;Alpollo;Geist;Gift;70;45;50;45;115;55;95;0.0;0.0;1.0;0.25;2.0;1.0;0.25;2.0;1.0;1.0;1.0;0.5;1.0;2.0;1.0;1.0;2.0;405;1
94;Gengar;Geist;Gift;70;60;65;60;130;75;110;0.0;0.0;1.0;0.25;2.0;1.0;0.25;2.0;1.0;1.0;1.0;0.5;1.0;2.0;1.0;1.0;2.0;500;1
95;Onix;Gestein;Boden;70;35;45;160;30;45;70;0.5;2.0;0.5;0.25;2.0;0.5;1.0;1.0;2.0;0.5;4.0;4.0;0.0;1.0;2.0;1.0;1.0;385;1
96;Traumato;Psycho;;70;60;48;45;43;90;42;1.0;0.5;1.0;1.0;1.0;1.0;2.0;2.0;1.0;1.0;1.0;1.0;1.0;0.5;1.0;1.0;2.0;328;1
97;Hypno;Psycho;;70;85;73;70;73;115;67;1.0;0.5;1.0;1.0;1.0;1.0;2.0;2.0;1.0;1.0;1.0;1.0;1.0;0.5;1.0;1.0;2.0;483;1
98;Krabby;Wasser;;70;30;105;90;25;25;50;1.0;1.0;1.0;1.0;1.0;1.0;1.0;1.0;0.5;0.5;0.5;2.0;2.0;1.0;0.5;1.0;1.0;325;1
99;Kingler;Wasser;;70;55;130;115;50;50;75;1.0;1.0;1.0;1.0;1.0;1.0;1.0;1.0;0.5;0.5;0.5;2.0;2.0;1.0;0.5;1.0;1.0;475;1
100;Voltobal;Elektro;;70;40;30;50;55;55;100;1.0;1.0;0.5;1.0;2.0;1.0;1.0;1.0;0.5;1.0;1.0;1.0;0.5;1.0;1.0;1.0;1.0;330;1
101;Lektrobal;Elektro;;70;60;50;70;80;80;140;1.0;1.0;0.5;1.0;2.0;1.0;1.0;1.0;0.5;1.0;1.0;1.0;0.5;1.0;1.0;1.0;1.0;480;1
102;Owei;Pflanze;Psycho;70;60;40;80;60;45;40;1.0;0.5;2.0;2.0;0.5;1.0;4.0;2.0;1.0;2.0;0.5;0.5;0.5;0.5;2.0;1.0;2.0;325;1
103;Kokowei;Pflanze;Psycho;70;95;95;85;125;65;55;1.0;0.5;2.0;2.0;0.5;1.0;4.0;2.0;1.0;2.0;0.5;0.5;0.5;0.5;2.0;1.0;2.0;520;1
104;Tragosso;Boden;;70;50;50;95;40;50;35;1.0;1.0;1.0;0.5;1.0;0.5;1.0;1.0;1.0;1.0;2.0;2.0;0.0;1.0;2.0;1.0;1.0;320;1
105;Knogga;Boden;;70;60;80;110;50;80;45;1.0;1.0;1.0;0.5;1.0;0.5;1.0;1.0;1.0;1.0;2.0;2.0;0.0;1.0;2.0;1.0;1.0;425;1
106;Kicklee;Kampf;;70;50;120;53;35;110;87;1.0;1.0;2.0;1.0;1.0;0.5;0.5;1.0;1.0;1.0;1.0;1.0;1.0;2.0;1.0;1.0;0.5;455;1
107;Nockchan;Kampf;;70;50;105;79;35;110;76;1.0;1.0;2.0;1.0;1.0;0.5;0.5;1.0;1.0;1.0;1.0;1.0;1.0;2.0;1.0;1.0;0.5;455;1
108;Schlurp;Normal;;70;90;55;75;60;75;30;1.0;2.0;1.0;1.0;1.0;1.0;1.0;0.0;1.0;1.0;1.0;1.0;1.0;1.0;1.0;1.0;1.0;385;1
109;Smogon;Gift;;70;40;65;95;60;45;35;1.0;0.5;1.0;0.5;2.0;1.0;0.5;1.0;1.0;1.0;1.0;0.5;1.0;2.0;1.0;1.0;1.0;340;1
110;Smogmog;Gift;;70;65;90;120;85;70;60;1.0;0.5;1.0;0.5;2.0;1.0;0.5;1.0;1.0;1.0;1.0;0.5;1.0;2.0;1.0;1.0;1.0;490;1
111;Rihorn;Boden;Gestein;70;80;85;95;30;30;25;0.5;2.0;0.5;0.25;2.0;0.5;1.0;1.0;2.0;0.5;4.0;4.0;0.0;1.0;2.0;1.0;1.0;345;1
112;Rizeros;Boden;Gestein;70;105;130;120;45;45;40;0.5;2.0;0.5;0.25;2.0;0.5;1.0;1.0;2.0;0.5;4.0;4.0;0.0;1.0;2.0;1.0;1.0;485;1
113;Chaneira;Normal;;140;250;5;5;35;105;50;1.0;2.0;1.0;1.0;1.0;1.0;1.0;0.0;1.0;1.0;1.0;1.0;1.0;1.0;1.0;1.0;1.0;450;1
114;Tangela;Pflanze;;70;65;55;115;100;40;60;1.0;1.0;2.0;2.0;0.5;1.0;2.0;1.0;1.0;2.0;0.5;0.5;0.5;1.0;2.0;1.0;1.0;435;1
115;Kangama;Normal;;70;105;95;80;40;80;90;1.0;2.0;1.0;1.0;1.0;1.0;1.0;0.0;1.0;1.0;1.0;1.0;1.0;1.0;1.0;1.0;1.0;490;1
116;Seeper;Wasser;;70;30;40;70;70;25;60;1.0;1.0;1.0;1.0;1.0;1.0;1.0;1.0;0.5;0.5;0.5;2.0;2.0;1.0;0.5;1.0;1.0;295;1
117;Seemon;Wasser;;70;55;65;95;95;45;85;1.0;1.0;1.0;1.0;1.0;1.0;1.0;1.0;0.5;0.5;0.5;2.0;2.0;1.0;0.5;1.0;1.0;440;1
118;Goldini;Wasser;;70;45;67;60;35;50;63;1.0;1.0;1.0;1.0;1.0;1.0;1.0;1.0;0.5;0.5;0.5;2.0;2.0;1.0;0.5;1.0;1.0;320;1
119;Golking;Wasser;;70;80;92;65;65;80;68;1.0;1.0;1.0;1.0;1.0;1.0;1.0;1.0;0.5;0.5;0.5;2.0;2.0;1.0;0.5;1.0;1.0;450;1
120;Sterndu;Wasser;;70;30;45;55;70;55;85;1.0;1.0;1.0;1.0;1.0;1.0;1.0;1.0;0.5;0.5;0.5;2.0;2.0;1.0;0.5;1.0;1.0;340;1
121;Starmie;Wasser;Psycho;70;60;75;85;100;85;115;1.0;0.5;1.0;1.0;1.0;1.0;2.0;2.0;0.5;0.5;0.5;2.0;2.0;0.5;0.5;1.0;2.0;520;1
122;Pantimos;Psycho;;70;40;45;65;100;120;90;1.0;0.5;1.0;1.0;1.0;1.0;2.0;2.0;1.0;1.0;1.0;1.0;1.0;0.5;1.0;1.0;2.0;460;1
123;Sichlor;Käfer;Flug;70;70;110;80;55;80;105;1.0;0.25;2.0;1.0;0.0;4.0;0.5;1.0;1.0;2.0;1.0;0.25;2.0;1.0;2.0;1.0;1.0;500;1
124;Rossana;Eis;Psycho;70;65;50;35;115;95;95;1.0;1.0;1.0;1.0;1.0;2.0;2.0;2.0;2.0;2.0;1.0;1.0;1.0;0.5;0.5;1.0;2.0;455;1
125;Elektek;Elektro;;70;65;83;57;95;85;105;1.0;1.0;0.5;1.0;2.0;1.0;1.0;1.0;0.5;1.0;1.0;1.0;0.5;1.0;1.0;1.0;1.0;490;1
126;Magmar;Feuer;;70;65;95;57;100;85;93;1.0;1.0;1.0;1.0;2.0;2.0;0.5;1.0;0.5;0.5;2.0;0.5;1.0;1.0;0.5;1.0;1.0;495;1
127;Pinsir;Käfer;;70;65;125;100;55;70;85;1.0;0.5;2.0;1.0;0.5;2.0;1.0;1.0;1.0;2.0;1.0;0.5;1.0;1.0;1.0;1.0;1.0;500;1
128;Tauros;Normal;;70;75;100;95;40;70;110;1.0;2.0;1.0;1.0;1.0;1.0;1.0;0.0;1.0;1.0;1.0;1.0;1.0;1.0;1.0;1.0;1.0;490;1
129;Karpador;Wasser;;70;20;10;55;15;20;80;1.0;1.0;1.0;1.0;1.0;1.0;1.0;1.0;0.5;0.5;0.5;2.0;2.0;1.0;0.5;1.0;1.0;200;1
130;Garados;Wasser;Flug;70;95;125;79;60;100;81;1.0;0.5;1.0;1.0;0.0;2.0;0.5;1.0;0.5;0.5;0.5;1.0;4.0;1.0;1.0;1.0;1.0;540;1
131;Lapras;Wasser;Eis;70;130;85;80;85;95;60;1.0;2.0;1.0;1.0;1.0;2.0;1.0;1.0;1.0;1.0;0.5;2.0;2.0;1.0;0.25;1.0;1.0;535;1
132;Ditto;Normal;;70;48;48;48;48;48;48;1.0;2.0;1.0;1.0;1.0;1.0;1.0;0.0;1.0;1.0;1.0;1.0;1.0;1.0;1.0;1.0;1.0;288;1
133;Evoli;Normal;;70;55;55;50;45;65;55;1.0;2.0;1.0;1.0;1.0;1.0;1.0;0.0;1.0;1.0;1.0;1.0;1.0;1.0;1.0;1.0;1.0;325;1
134;Aquana;Wasser;;70;130;65;60;110;95;65;1.0;1.0;1.0;1.0;1.0;1.0;1.0;1.0;0.5;0.5;0.5;2.0;2.0;1.0;0.5;1.0;1.0;525;1
135;Blitza;Elektro;;70;65;65;60;110;95;130;1.0;1.0;0.5;1.0;2.0;1.0;1.0;1.0;0.5;1.0;1.0;1.0;0.5;1.0;1.0;1.0;1.0;525;1
136;Flamara;Feuer;;70;65;130;60;95;110;65;1.0;1.0;1.0;1.0;2.0;2.0;0.5;1.0;0.5;0.5;2.0;0.5;1.0;1.0;0.5;1.0;1.0;525;1
137;Porygon;Normal;;70;65;60;70;85;75;40;1.0;2.0;1.0;1.0;1.0;1.0;1.0;0.0;1.0;1.0;1.0;1.0;1.0;1.0;1.0;1.0;1.0;395;1
138;Amonitas;Gestein;Wasser;70;35;40;100;90;55;35;0.5;2.0;0.5;0.5;2.0;1.0;1.0;1.0;1.0;0.25;1.0;4.0;2.0;1.0;0.5;1.0;1.0;355;1
139;Amoroso;Gestein;Wasser;70;70;60;125;115;70;55;0.5;2.0;0.5;0.5;2.0;1.0;1.0;1.0;1.0;0.25;1.0;4.0;2.0;1.0;0.5;1.0;1.0;495;1
140;Kabuto;Gestein;Wasser;70;30;80;90;55;45;55;0.5;2.0;0.5;0.5;2.0;1.0;1.0;1.0;1.0;0.25;1.0;4.0;2.0;1.0;0.5;1.0;1.0;355;1
141;Kabutops;Gestein;Wasser;70;60;115;105;65;70;80;0.5;2.0;0.5;0.5;2.0;1.0;1.0;1.0;1.0;0.25;1.0;4.0;2.0;1.0;0.5;1.0;1.0;495;1
142;Aerodactyl;Gestein;Flug;70;80;105;65;60;75;130;0.5;1.0;0.5;0.5;0.0;2.0;0.5;1.0;2.0;0.5;2.0;1.0;2.0;1.0;2.0;1.0;1.0;515;1
143;Relaxo;Normal;;70;160;110;65;65;110;30;1.0;2.0;1.0;1.0;1.0;1.0;1.0;0.0;1.0;1.0;1.0;1.0;1.0;1.0;1.0;1.0;1.0;540;1
144;Arktos;Eis;Flug;35;90;85;100;95;125;85;1.0;1.0;1.0;1.0;0.0;4.0;0.5;1.0;2.0;2.0;1.0;0.5;2.0;1.0;1.0;1.0;1.0;580;1
145;Zapdos;Elektro;Flug;35;90;90;85;125;90;100;1.0;0.5;0.5;1.0;0.0;2.0;0.5;1.0;0.5;1.0;1.0;0.5;1.0;1.0;2.0;1.0;1.0;580;1
146;Lavados;Feuer;Flug;35;90;100;90;125;85;90;1.0;0.5;1.0;1.0;0.0;4.0;0.25;1.0;0.5;0.5;2.0;0.25;2.0;1.0;1.0;1.0;1.0;580;1
147;Dratini;Drachen;;35;41;64;45;50;50;50;1.0;1.0;1.0;1.0;1.0;1.0;1.0;1.0;1.0;0.5;0.5;0.5;0.5;1.0;2.0;2.0;1.0;300;1
148;Dragonir;Drachen;;35;61;84;65;70;70;70;1.0;1.0;1.0;1.0;1.0;1.0;1.0;1.0;1.0;0.5;0.5;0.5;0.5;1.0;2.0;2.0;1.0;420;1
149;Dragoran;Drachen;Flug;35;91;134;95;100;100;80;1.0;0.5;1.0;1.0;0.0;2.0;0.5;1.0;1.0;0.5;0.5;0.25;1.0;1.0;4.0;2.0;1.0;600;1
150;Mewtu;Psycho;;0;106;110;90;154;90;130;1.0;0.5;1.0;1.0;1.0;1.0;2.0;2.0;1.0;1.0;1.0;1.0;1.0;0.5;1.0;1.0;2.0;680;1
151;Mew;Psycho;;100;100;100;100;100;100;100;1.0;0.5;1.0;1.0;1.0;1.0;2.0;2.0;1.0;1.0;1.0;1.0;1.0;0.5;1.0;1.0;2.0;600;1
152;Endivie;Pflanze;;70;45;49;65;49;65;45;1.0;1.0;2.0;2.0;0.5;1.0;2.0;1.0;1.0;2.0;0.5;0.5;0.5;1.0;2.0;1.0;1.0;318;2
153;Lorblatt;Pflanze;;70;60;62;80;63;80;60;1.0;1.0;2.0;2.0;0.5;1.0;2.0;1.0;1.0;2.0;0.5;0.5;0.5;1.0;2.0;1.0;1.0;405;2
154;Meganie;Pflanze;;70;80;82;100;83;100;80;1.0;1.0;2.0;2.0;0.5;1.0;2.0;1.0;1.0;2.0;0.5;0.5;0.5;1.0;2.0;1.0;1.0;525;2
155;Feurigel;Feuer;;70;39;52;43;60;50;65;1.0;1.0;1.0;1.0;2.0;2.0;0.5;1.0;0.5;0.5;2.0;0.5;1.0;1.0;0.5;1.0;1.0;309;2
156;Igelavar;Feuer;;70;58;64;58;80;65;80;1.0;1.0;1.0;1.0;2.0;2.0;0.5;1.0;0.5;0.5;2.0;0.5;1.0;1.0;0.5;1.0;1.0;405;2
157;Tornupto;Feuer;;70;78;84;78;109;85;100;1.0;1.0;1.0;1.0;2.0;2.0;0.5;1.0;0.5;0.5;2.0;0.5;1.0;1.0;0.5;1.0;1.0;534;2
158;Karnimani;Wasser;;70;50;65;64;44;48;43;1.0;1.0;1.0;1.0;1.0;1.0;1.0;1.0;0.5;0.5;0.5;2.0;2.0;1.0;0.5;1.0;1.0;314;2
159;Tyracroc;Wasser;;70;65;80;80;59;63;58;1.0;1.0;1.0;1.0;1.0;1.0;1.0;1.0;0.5;0.5;0.5;2.0;2.0;1.0;0.5;1.0;1.0;405;2
160;Impergator;Wasser;;70;85;105;100;79;83;78;1.0;1.0;1.0;1.0;1.0;1.0;1.0;1.0;0.5;0.5;0.5;2.0;2.0;1.0;0.5;1.0;1.0;530;2
161;Wiesor;Normal;;70;35;46;34;35;45;20;1.0;2.0;1.0;1.0;1.0;1.0;1.0;0.0;1.0;1.0;1.0;1.0;1.0;1.0;1.0;1.0;1.0;215;2
162;Wiesenior;Normal;;70;85;76;64;45;55;90;1.0;2.0;1.0;1.0;1.0;1.0;1.0;0.0;1.0;1.0;1.0;1.0;1.0;1.0;1.0;1.0;1.0;415;2
163;Hoothoot;Normal;Flug;70;60;30;30;36;56;50;1.0;1.0;1.0;1.0;0.0;2.0;0.5;0.0;1.0;1.0;1.0;0.5;2.0;1.0;2.0;1.0;1.0;262;2
164;Noctuh;Normal;Flug;70;100;50;50;76;96;70;1.0;1.0;1.0;1.0;0.0;2.0;0.5;0.0;1.0;1.0;1.0;0.5;2.0;1.0;2.0;1.0;1.0;442;2
165;Ledyba;Käfer;Flug;70;40;20;30;40;80;55;1.0;0.25;2.0;1.0;0.0;4.0;0.5;1.0;1.0;2.0;1.0;0.25;2.0;1.0;2.0;1.0;1.0;265;2
166;Ledian;Käfer;Flug;70;55;35;50;55;110;85;1.0;0.25;2.0;1.0;0.0;4.0;0.5;1.0;1.0;2.0;1.0;0.25;2.0;1.0;2.0;1.0;1.0;390;2
167;Webarak;Käfer;Gift;70;40;60;40;40;40;30;1.0;0.25;2.0;0.5;1.0;2.0;0.5;1.0;1.0;2.0;1.0;0.25;1.0;2.0;1.0;1.0;1.0;250;2
168;Ariados;Käfer;Gift;70;70;90;70;60;60;40;1.0;0.25;2.0;0.5;1.0;2.0;0.5;1.0;1.0;2.0;1.0;0.25;1.0;2.0;1.0;1.0;1.0;390;2
169;Iksbat;Gift;Flug;70;85;90;80;70;80;130;1.0;0.25;1.0;0.5;0.0;2.0;0.25;1.0;1.0;1.0;1.0;0.25;2.0;2.0;2.0;1.0;1.0;535;2
170;Lampi;Wasser;Elektro;70;75;38;38;56;56;67;1.0;1.0;0.5;1.0;2.0;1.0;1.0;1.0;0.25;0.5;0.5;2.0;1.0;1.0;0.5;1.0;1.0;330;2
171;Lanturn;Wasser;Elektro;70;125;58;58;76;76;67;1.0;1.0;0.5;1.0;2.0;1.0;1.0;1.0;0.25;0.5;0.5;2.0;1.0;1.0;0.5;1.0;1.0;460;2
172;Pichu;Elektro;;70;20;40;15;35;35;60;1.0;1.0;0.5;1.0;2.0;1.0;1.0;1.0;0.5;1.0;1.0;1.0;0.5;1.0;1.0;1.0;1.0;205;2
173;Pii;Normal;;140;50;25;28;45;55;15;1.0;2.0;1.0;1.0;1.0;1.0;1.0;0.0;1.0;1.0;1.0;1.0;1.0;1.0;1.0;1.0;1.0;218;2
174;Fluffeluff;Normal;;70;90;30;15;40;20;15;1.0;2.0;1.0;1.0;1.0;1.0;1.0;0.0;1.0;1.0;1.0;1.0;1.0;1.0;1.0;1.0;1.0;210;2
175;Togepi;Normal;;70;35;20;65;40;65;20;1.0;2.0;1.0;1.0;1.0;1.0;1.0;0.0;1.0;1.0;1.0;1.0;1.0;1.0;1.0;1.0;1.0;245;2
176;Togetic;Normal;Flug;70;55;40;85;80;105;40;1.0;1.0;1.0;1.0;0.0;2.0;0.5;0.0;1.0;1.0;1.0;0.5;2.0;1.0;2.0;1.0;1.0;405;2
177;Natu;Psycho;Flug;70;40;50;45;70;45;70;1.0;0.25;1.0;1.0;0.0;2.0;1.0;2.0;1.0;1.0;1.0;0.5;2.0;0.5;2.0;1.0;2.0;320;2
178;Xatu;Psycho;Flug;70;65;75;70;95;70;95;1.0;0.25;1.0;1.0;0.0;2.0;1.0;2.0;1.0;1.0;1.0;0.5;2.0;0.5;2.0;1.0;2.0;470;2
179;Voltilamm;Elektro;;70;55;40;40;65;45;35;1.0;1.0;0.5;1.0;2.0;1.0;1.0;1.0;0.5;1.0;1.0;1.0;0.5;1.0;1.0;1.0;1.0;280;2
180;Waaty;Elektro;;70;70;55;55;80;60;45;1.0;1.0;0.5;1.0;2.0;1.0;1.0;1.0;0.5;1.0;1.0;1.0;0.5;1.0;1.0;1.0;1.0;365;2
181;Ampharos;Elektro;;70;90;75;75;115;90;55;1.0;1.0;0.5;1.0;2.0;1.0;1.0;1.0;0.5;1.0;1.0;1.0;0.5;1.0;1.0;1.0;1.0;500;2
182;Blubella;Pflanze;;70;75;80;85;90;100;50;1.0;1.0;2.0;2.0;0.5;1.0;2.0;1.0;1.0;2.0;0.5;0.5;0.5;1.0;2.0;1.0;1.0;480;2
183;Marill;Wasser;;70;70;20;50;20;50;40;1.0;1.0;1.0;1.0;1.0;1.0;1.0;1.0;0.5;0.5;0.5;2.0;2.0;1.0;0.5;1.0;1.0;250;2
184;Azumarill;Wasser;;70;100;50;80;50;80;50;1.0;1.0;1.0;1.0;1.0;1.0;1.0;1.0;0.5;0.5;0.5;2.0;2.0;1.0;0.5;1.0;1.0;410;2
185;Mogelbaum;Gestein;;70;70;100;115;30;65;30;0.5;2.0;0.5;0.5;2.0;1.0;1.0;1.0;2.0;0.5;2.0;2.0;1.0;1.0;1.0;1.0;1.0;410;2
186;Quaxo;Wasser;;70;90;75;75;90;100;70;1.0;1.0;1.0;1.0;1.0;1.0;1.0;1.0;0.5;0.5;0.5;2.0;2.0;1.0;0.5;1.0;1.0;500;2
187;Hoppspross;Pflanze;Flug;70;35;35;40;35;55;50;1.0;0.5;2.0;2.0;0.0;2.0;1.0;1.0;1.0;2.0;0.5;0.25;1.0;1.0;4.0;1.0;1.0;250;2
188;Hubelupf;Pflanze;Flug;70;55;45;50;45;65;80;1.0;0.5;2.0;2.0;0.0;2.0;1.0;1.0;1.0;2.0;0.5;0.25;1.0;1.0;4.0;1.0;1.0;340;2
189;Papungha;Pflanze;Flug;70;75;55;70;55;85;110;1.0;0.5;2.0;2.0;0.0;2.0;1.0;1.0;1.0;2.0;0.5;0.25;1.0;1.0;4.0;1.0;1.0;450;2
190;Griffel;Normal;;70;55;70;55;40;55;85;1.0;2.0;1.0;1.0;1.0;1.0;1.0;0.0;1.0;1.0;1.0;1.0;1.0;1.0;1.0;1.0;1.0;360;2
191;Sonnkern;Pflanze;;70;30;30;30;30;30;30;1.0;1.0;2.0;2.0;0.5;1.0;2.0;1.0;1.0;2.0;0.5;0.5;0.5;1.0;2.0;1.0;1.0;180;2
192;Sonnflora;Pflanze;;70;75;75;55;105;85;30;1.0;1.0;2.0;2.0;0.5;1.0;2.0;1.0;1.0;2.0;0.5;0.5;0.5;1.0;2.0;1.0;1.0;425;2
193;Yanma;Käfer;Flug;70;65;65;45;75;45;95;1.0;0.25;2.0;1.0;0.0;4.0;0.5;1.0;1.0;2.0;1.0;0.25;2.0;1.0;2.0;1.0;1.0;390;2
194;Felino;Wasser;Boden;70;55;45;45;25;25;15;1.0;1.0;1.0;0.5;1.0;0.5;1.0;1.0;0.5;0.5;1.0;4.0;0.0;1.0;1.0;1.0;1.0;210;2
195;Morlord;Wasser;Boden;70;95;85;85;65;65;35;1.0;1.0;1.0;0.5;1.0;0.5;1.0;1.0;0.5;0.5;1.0;4.0;0.0;1.0;1.0;1.0;1.0;430;2
196;Psiana;Psycho;;70;65;65;60;130;95;110;1.0;0.5;1.0;1.0;1.0;1.0;2.0;2.0;1.0;1.0;1.0;1.0;1.0;0.5;1.0;1.0;2.0;525;2
197;Nachtara;Unlicht;;35;95;65;110;60;130;65;1.0;2.0;1.0;1.0;1.0;1.0;2.0;0.5;1.0;1.0;1.0;1.0;1.0;0.0;1.0;1.0;0.5;525;2
198;Kramurx;Unlicht;Flug;35;60;85;42;85;42;91;1.0;1.0;1.0;1.0;0.0;2.0;1.0;0.5;1.0;1.0;1.0;0.5;2.0;0.0;2.0;1.0;0.5;405;2
199;Laschoking;Wasser;Psycho;70;95;75;80;100;110;30;1.0;0.5;1.0;1.0;1.0;1.0;2.0;2.0;0.5;0.5;0.5;2.0;2.0;0.5;0.5;1.0;2.0;490;2
200;Traunfugil;Geist;;35;60;60;60;85;85;85;0.0;0.0;1.0;0.5;1.0;1.0;0.5;2.0;1.0;1.0;1.0;1.0;1.0;1.0;1.0;1.0;2.0;435;2
201;Icognito;Psycho;;70;48;72;48;72;48;48;1.0;0.5;1.0;1.0;1.0;1.0;2.0;2.0;1.0;1.0;1.0;1.0;1.0;0.5;1.0;1.0;2.0;336;2
202;Woingenau;Psycho;;70;190;33;58;33;58;33;1.0;0.5;1.0;1.0;1.0;1.0;2.0;2.0;1.0;1.0;1.0;1.0;1.0;0.5;1.0;1.0;2.0;405;2
203;Girafarig;Normal;Psycho;70;70;80;65;90;65;85;1.0;1.0;1.0;1.0;1.0;1.0;2.0;0.0;1.0;1.0;1.0;1.0;1.0;0.5;1.0;1.0;2.0;455;2
204;Tannza;Käfer;;70;50;65;90;35;35;15;1.0;0.5;2.0;1.0;0.5;2.0;1.0;1.0;1.0;2.0;1.0;0.5;1.0;1.0;1.0;1.0;1.0;290;2
205;Forstellka;Käfer;Stahl;70;75;90;140;60;60;40;0.5;1.0;1.0;0.0;1.0;1.0;0.5;0.5;0.5;4.0;1.0;0.25;1.0;0.5;0.5;0.5;0.5;465;2
206;Dummisel;Normal;;70;100;70;70;65;65;45;1.0;2.0;1.0;1.0;1.0;1.0;1.0;0.0;1.0;1.0;1.0;1.0;1.0;1.0;1.0;1.0;1.0;415;2
207;Skorgla;Boden;Flug;70;65;75;105;35;65;85;1.0;0.5;1.0;0.5;0.0;1.0;0.5;1.0;1.0;1.0;2.0;1.0;0.0;1.0;4.0;1.0;1.0;430;2
208;Stahlos;Stahl;Boden;70;75;85;200;55;65;30;0.5;2.0;0.5;0.0;2.0;0.25;0.5;0.5;0.5;2.0;2.0;1.0;0.0;0.5;1.0;0.5;0.5;510;2
209;Snubbull;Normal;;70;60;80;50;40;40;30;1.0;2.0;1.0;1.0;1.0;1.0;1.0;0.0;1.0;1.0;1.0;1.0;1.0;1.0;1.0;1.0;1.0;300;2
210;Granbull;Normal;;70;90;120;75;60;60;45;1.0;2.0;1.0;1.0;1.0;1.0;1.0;0.0;1.0;1.0;1.0;1.0;1.0;1.0;1.0;1.0;1.0;450;2
211;Baldorfish;Wasser;Gift;70;65;95;75;55;55;85;1.0;0.5;1.0;0.5;2.0;1.0;0.5;1.0;0.5;0.5;0.5;1.0;2.0;2.0;0.5;1.0;1.0;430;2
212;Scherox;Käfer;Stahl;70;70;130;100;55;80;65;0.5;1.0;1.0;0.0;1.0;1.0;0.5;0.5;0.5;4.0;1.0;0.25;1.0;0.5;0.5;0.5;0.5;500;2
213;Pottrott;Käfer;Gestein;70;20;10;230;10;230;5;0.5;1.0;1.0;0.5;1.0;2.0;1.0;1.0;2.0;1.0;2.0;1.0;1.0;1.0;1.0;1.0;1.0;505;2
214;Skaraborn;Käfer;Kampf;70;80;125;75;40;95;85;1.0;0.5;4.0;1.0;0.5;1.0;0.5;1.0;1.0;2.0;1.0;0.5;1.0;2.0;1.0;1.0;0.5;500;2
215;Sniebel;Unlicht;Eis;35;55;95;55;35;75;115;1.0;4.0;1.0;1.0;1.0;2.0;2.0;0.5;2.0;2.0;1.0;1.0;1.0;0.0;0.5;1.0;0.5;430;2
216;Teddiursa;Normal;;70;60;80;50;50;50;40;1.0;2.0;1.0;1.0;1.0;1.0;1.0;0.0;1.0;1.0;1.0;1.0;1.0;1.0;1.0;1.0;1.0;330;2
217;Ursaring;Normal;;70;90;130;75;75;75;55;1.0;2.0;1.0;1.0;1.0;1.0;1.0;0.0;1.0;1.0;1.0;1.0;1.0;1.0;1.0;1.0;1.0;500;2
218;Schneckmag;Feuer;;70;40;40;40;70;40;20;1.0;1.0;1.0;1.0;2.0;2.0;0.5;1.0;0.5;0.5;2.0;0.5;1.0;1.0;0.5;1.0;1.0;250;2
219;Magcargo;Feuer;Gestein;70;50;50;120;80;80;30;0.5;2.0;0.5;0.5;4.0;2.0;0.5;1.0;1.0;0.25;4.0;1.0;1.0;1.0;0.5;1.0;1.0;410;2
220;Quiekel;Eis;Boden;70;50;50;40;30;30;50;1.0;2.0;1.0;0.5;1.0;1.0;1.0;1.0;2.0;2.0;2.0;2.0;0.0;1.0;1.0;1.0;1.0;250;2
221;Keifel;Eis;Boden;70;100;100;80;60;60;50;1.0;2.0;1.0;0.5;1.0;1.0;1.0;1.0;2.0;2.0;2.0;2.0;0.0;1.0;1.0;1.0;1.0;450;2
222;Corasonn;Wasser;Gestein;70;55;55;85;65;85;35;0.5;2.0;0.5;0.5;2.0;1.0;1.0;1.0;1.0;0.25;1.0;4.0;2.0;1.0;0.5;1.0;1.0;380;2
223;Remoraid;Wasser;;70;35;65;35;65;35;65;1.0;1.0;1.0;1.0;1.0;1.0;1.0;1.0;0.5;0.5;0.5;2.0;2.0;1.0;0.5;1.0;1.0;300;2
224;Octillery;Wasser;;70;75;105;75;105;75;45;1.0;1.0;1.0;1.0;1.0;1.0;1.0;1.0;0.5;0.5;0.5;2.0;2.0;1.0;0.5;1.0;1.0;480;2
225;Botogel;Eis;Flug;70;45;55;45;65;45;75;1.0;1.0;1.0;1.0;0.0;4.0;0.5;1.0;2.0;2.0;1.0;0.5;2.0;1.0;1.0;1.0;1.0;330;2
226;Mantax;Wasser;Flug;70;65;40;70;80;140;70;1.0;0.5;1.0;1.0;0.0;2.0;0.5;1.0;0.5;0.5;0.5;1.0;4.0;1.0;1.0;1.0;1.0;465;2
227;Panzaeron;Stahl;Flug;70;65;80;140;40;70;70;0.5;1.0;0.5;0.0;0.0;1.0;0.25;0.5;0.5;2.0;1.0;0.25;2.0;0.5;1.0;0.5;0.5;465;2
228;Hunduster;Unlicht;Feuer;35;45;60;30;80;50;65;1.0;2.0;1.0;1.0;2.0;2.0;1.0;0.5;0.5;0.5;2.0;0.5;1.0;0.0;0.5;1.0;0.5;330;2
229;Hundemon;Unlicht;Feuer;35;75;90;50;110;80;95;1.0;2.0;1.0;1.0;2.0;2.0;1.0;0.5;0.5;0.5;2.0;0.5;1.0;0.0;0.5;1.0;0.5;500;2
230;Seedraking;Wasser;Drachen;70;75;95;95;95;95;85;1.0;1.0;1.0;1.0;1.0;1.0;1.0;1.0;0.5;0.25;0.25;1.0;1.0;1.0;1.0;2.0;1.0;540;2
231;Phanpy;Boden;;70;90;60;60;40;40;40;1.0;1.0;1.0;0.5;1.0;0.5;1.0;1.0;1.0;1.0;2.0;2.0;0.0;1.0;2.0;1.0;1.0;330;2
232;Donphan;Boden;;70;90;120;120;60;60;50;1.0;1.0;1.0;0.5;1.0;0.5;1.0;1.0;1.0;1.0;2.0;2.0;0.0;1.0;2.0;1.0;1.0;500;2
233;Porygon2;Normal;;70;85;80;90;105;95;60;1.0;2.0;1.0;1.0;1.0;1.0;1.0;0.0;1.0;1.0;1.0;1.0;1.0;1.0;1.0;1.0;1.0;515;2
234;Damhirplex;Normal;;70;73;95;62;85;65;85;1.0;2.0;1.0;1.0;1.0;1.0;1.0;0.0;1.0;1.0;1.0;1.0;1.0;1.0;1.0;1.0;1.0;465;2
235;Farbeagle;Normal;;70;55;20;35;20;45;75;1.0;2.0;1.0;1.0;1.0;1.0;1.0;0.0;1.0;1.0;1.0;1.0;1.0;1.0;1.0;1.0;1.0;250;2
236;Rabauz;Kampf;;70;35;35;35;35;35;35;1.0;1.0;2.0;1.0;1.0;0.5;0.5;1.0;1.0;1.0;1.0;1.0;1.0;2.0;1.0;1.0;0.5;210;2
237;Kapoera;Kampf;;70;50;95;95;35;110;70;1.0;1.0;2.0;1.0;1.0;0.5;0.5;1.0;1.0;1.0;1.0;1.0;1.0;2.0;1.0;1.0;0.5;455;2
238;Kussilla;Eis;Psycho;70;45;30;15;85;65;65;1.0;1.0;1.0;1.0;1.0;2.0;2.0;2.0;2.0;2.0;1.0;1.0;1.0;0.5;0.5;1.0;2.0;305;2
239;Elekid;Elektro;;70;45;63;37;65;55;95;1.0;1.0;0.5;1.0;2.0;1.0;1.0;1.0;0.5;1.0;1.0;1.0;0.5;1.0;1.0;1.0;1.0;360;2
240;Magby;Feuer;;70;45;75;37;70;55;83;1.0;1.0;1.0;1.0;2.0;2.0;0.5;1.0;0.5;0.5;2.0;0.5;1.0;1.0;0.5;1.0;1.0;365;2
241;Miltank;Normal;;70;95;80;105;40;70;100;1.0;2.0;1.0;1.0;1.0;1.0;1.0;0.0;1.0;1.0;1.0;1.0;1.0;1.0;1.0;1.0;1.0;490;2
242;Heiteira;Normal;;140;255;10;10;75;135;55;1.0;2.0;1.0;1.0;1.0;1.0;1.0;0.0;1.0;1.0;1.0;1.0;1.0;1.0;1.0;1.0;1.0;540;2
243;Raikou;Elektro;;35;90;85;75;115;100;115;1.0;1.0;0.5;1.0;2.0;1.0;1.0;1.0;0.5;1.0;1.0;1.0;0.5;1.0;1.0;1.0;1.0;580;2
244;Entei;Feuer;;35;115;115;85;90;75;100;1.0;1.0;1.0;1.0;2.0;2.0;0.5;1.0;0.5;0.5;2.0;0.5;1.0;1.0;0.5;1.0;1.0;580;2
245;Suicune;Wasser;;35;100;75;115;90;115;85;1.0;1.0;1.0;1.0;1.0;1.0;1.0;1.0;0.5;0.5;0.5;2.0;2.0;1.0;0.5;1.0;1.0;580;2
246;Larvitar;Gestein;Boden;35;50;64;50;45;50;41;0.5;2.0;0.5;0.25;2.0;0.5;1.0;1.0;2.0;0.5;4.0;4.0;0.0;1.0;2.0;1.0;1.0;300;2
247;Pupitar;Gestein;Boden;35;70;84;70;65;70;51;0.5;2.0;0.5;0.25;2.0;0.5;1.0;1.0;2.0;0.5;4.0;4.0;0.0;1.0;2.0;1.0;1.0;410;2
248;Despotar;Gestein;Unlicht;35;100;134;110;95;100;61;0.5;4.0;0.5;0.5;2.0;1.0;2.0;0.5;2.0;0.5;2.0;2.0;1.0;0.0;1.0;1.0;0.5;600;2
249;Lugia;Psycho;Flug;0;106;90;130;90;154;110;1.0;0.25;1.0;1.0;0.0;2.0;1.0;2.0;1.0;1.0;1.0;0.5;2.0;0.5;2.0;1.0;2.0;680;2
250;Ho-Oh;Feuer;Flug;0;106;130;90;110;154;90;1.0;0.5;1.0;1.0;0.0;4.0;0.25;1.0;0.5;0.5;2.0;0.25;2.0;1.0;1.0;1.0;1.0;680;2
251;Celebi;Psycho;Pflanze;100;100;100;100;100;100;100;1.0;0.5;2.0;2.0;0.5;1.0;4.0;2.0;1.0;2.0;0.5;0.5;0.5;0.5;2.0;1.0;2.0;600;2
252;Geckarbor;Pflanze;;70;40;45;35;65;55;70;1.0;1.0;2.0;2.0;0.5;1.0;2.0;1.0;1.0;2.0;0.5;0.5;0.5;1.0;2.0;1.0;1.0;310;3
253;Reptain;Pflanze;;70;50;65;45;85;65;95;1.0;1.0;2.0;2.0;0.5;1.0;2.0;1.0;1.0;2.0;0.5;0.5;0.5;1.0;2.0;1.0;1.0;405;3
254;Gewaldro;Pflanze;;70;70;85;65;105;85;120;1.0;1.0;2.0;2.0;0.5;1.0;2.0;1.0;1.0;2.0;0.5;0.5;0.5;1.0;2.0;1.0;1.0;530;3
255;Flemmli;Feuer;;70;45;60;40;70;50;45;1.0;1.0;1.0;1.0;2.0;2.0;0.5;1.0;0.5;0.5;2.0;0.5;1.0;1.0;0.5;1.0;1.0;310;3
256;Jungglut;Feuer;Kampf;70;60;85;60;85;60;55;1.0;1.0;2.0;1.0;2.0;1.0;0.25;1.0;0.5;0.5;2.0;0.5;1.0;2.0;0.5;1.0;0.5;405;3
257;Lohgock;Feuer;Kampf;70;80;120;70;110;70;80;1.0;1.0;2.0;1.0;2.0;1.0;0.25;1.0;0.5;0.5;2.0;0.5;1.0;2.0;0.5;1.0;0.5;530;3
258;Hydropi;Wasser;;70;50;70;50;50;50;40;1.0;1.0;1.0;1.0;1.0;1.0;1.0;1.0;0.5;0.5;0.5;2.0;2.0;1.0;0.5;1.0;1.0;310;3
259;Moorabbel;Wasser;Boden;70;70;85;70;60;70;50;1.0;1.0;1.0;0.5;1.0;0.5;1.0;1.0;0.5;0.5;1.0;4.0;0.0;1.0;1.0;1.0;1.0;405;3
260;Sumpex;Wasser;Boden;70;100;110;90;85;90;60;1.0;1.0;1.0;0.5;1.0;0.5;1.0;1.0;0.5;0.5;1.0;4.0;0.0;1.0;1.0;1.0;1.0;535;3
261;Fiffyen;Unlicht;;70;35;55;35;30;30;35;1.0;2.0;1.0;1.0;1.0;1.0;2.0;0.5;1.0;1.0;1.0;1.0;1.0;0.0;1.0;1.0;0.5;220;3
262;Magnayen;Unlicht;;70;70;90;70;60;60;70;1.0;2.0;1.0;1.0;1.0;1.0;2.0;0.5;1.0;1.0;1.0;1.0;1.0;0.0;1.0;1.0;0.5;420;3
263;Zigzachs;Normal;;70;38;30;41;30;41;60;1.0;2.0;1.0;1.0;1.0;1.0;1.0;0.0;1.0;1.0;1.0;1.0;1.0;1.0;1.0;1.0;1.0;240;3
264;Geradaks;Normal;;70;78;70;61;50;61;100;1.0;2.0;1.0;1.0;1.0;1.0;1.0;0.0;1.0;1.0;1.0;1.0;1.0;1.0;1.0;1.0;1.0;420;3
265;Waumpel;Käfer;;70;45;45;35;20;30;20;1.0;0.5;2.0;1.0;0.5;2.0;1.0;1.0;1.0;2.0;1.0;0.5;1.0;1.0;1.0;1.0;1.0;195;3
266;Schaloko;Käfer;;70;50;35;55;25;25;15;1.0;0.5;2.0;1.0;0.5;2.0;1.0;1.0;1.0;2.0;1.0;0.5;1.0;1.0;1.0;1.0;1.0;205;3
267;Papinella;Käfer;Flug;70;60;70;50;90;50;65;1.0;0.25;2.0;1.0;0.0;4.0;0.5;1.0;1.0;2.0;1.0;0.25;2.0;1.0;2.0;1.0;1.0;385;3
268;Panekon;Käfer;;70;50;35;55;25;25;15;1.0;0.5;2.0;1.0;0.5;2.0;1.0;1.0;1.0;2.0;1.0;0.5;1.0;1.0;1.0;1.0;1.0;205;3
269;Pudox;Käfer;Gift;70;60;50;70;50;90;65;1.0;0.25;2.0;0.5;1.0;2.0;0.5;1.0;1.0;2.0;1.0;0.25;1.0;2.0;1.0;1.0;1.0;385;3
270;Loturzel;Wasser;Pflanze;70;40;30;30;40;50;30;1.0;1.0;2.0;2.0;0.5;1.0;2.0;1.0;0.5;1.0;0.25;1.0;1.0;1.0;1.0;1.0;1.0;220;3
271;Lombrero;Wasser;Pflanze;70;60;50;50;60;70;50;1.0;1.0;2.0;2.0;0.5;1.0;2.0;1.0;0.5;1.0;0.25;1.0;1.0;1.0;1.0;1.0;1.0;340;3
272;Kappalores;Wasser;Pflanze;70;80;70;70;90;100;70;1.0;1.0;2.0;2.0;0.5;1.0;2.0;1.0;0.5;1.0;0.25;1.0;1.0;1.0;1.0;1.0;1.0;480;3
273;Samurzel;Pflanze;;70;40;40;50;30;30;30;1.0;1.0;2.0;2.0;0.5;1.0;2.0;1.0;1.0;2.0;0.5;0.5;0.5;1.0;2.0;1.0;1.0;220;3
274;Blanas;Pflanze;Unlicht;70;70;70;40;60;40;60;1.0;2.0;2.0;2.0;0.5;1.0;4.0;0.5;1.0;2.0;0.5;0.5;0.5;0.0;2.0;1.0;0.5;340;3
275;Tengulist;Pflanze;Unlicht;70;90;100;60;90;60;80;1.0;2.0;2.0;2.0;0.5;1.0;4.0;0.5;1.0;2.0;0.5;0.5;0.5;0.0;2.0;1.0;0.5;480;3
276;Schwalbini;Normal;Flug;70;40;55;30;30;30;85;1.0;1.0;1.0;1.0;0.0;2.0;0.5;0.0;1.0;1.0;1.0;0.5;2.0;1.0;2.0;1.0;1.0;270;3
277;Schwalboss;Normal;Flug;70;60;85;60;50;50;125;1.0;1.0;1.0;1.0;0.0;2.0;0.5;0.0;1.0;1.0;1.0;0.5;2.0;1.0;2.0;1.0;1.0;430;3
278;Wingull;Wasser;Flug;70;40;30;30;55;30;85;1.0;0.5;1.0;1.0;0.0;2.0;0.5;1.0;0.5;0.5;0.5;1.0;4.0;1.0;1.0;1.0;1.0;270;3
279;Pelipper;Wasser;Flug;70;60;50;100;85;70;65;1.0;0.5;1.0;1.0;0.0;2.0;0.5;1.0;0.5;0.5;0.5;1.0;4.0;1.0;1.0;1.0;1.0;430;3
280;Trasla;Psycho;;35;28;25;25;45;35;40;1.0;0.5;1.0;1.0;1.0;1.0;2.0;2.0;1.0;1.0;1.0;1.0;1.0;0.5;1.0;1.0;2.0;198;3
281;Kirlia;Psycho;;35;38;35;35;65;55;50;1.0;0.5;1.0;1.0;1.0;1.0;2.0;2.0;1.0;1.0;1.0;1.0;1.0;0.5;1.0;1.0;2.0;278;3
282;Guardevoir;Psycho;;35;68;65;65;125;115;80;1.0;0.5;1.0;1.0;1.0;1.0;2.0;2.0;1.0;1.0;1.0;1.0;1.0;0.5;1.0;1.0;2.0;518;3
283;Gehweiher;Käfer;Wasser;70;40;30;32;50;52;65;1.0;0.5;2.0;1.0;0.5;2.0;1.0;1.0;0.5;1.0;0.5;1.0;2.0;1.0;0.5;1.0;1.0;269;3
284;Maskeregen;Käfer;Flug;70;70;60;62;80;82;60;1.0;0.25;2.0;1.0;0.0;4.0;0.5;1.0;1.0;2.0;1.0;0.25;2.0;1.0;2.0;1.0;1.0;414;3
285;Knilz;Pflanze;;70;60;40;60;40;60;35;1.0;1.0;2.0;2.0;0.5;1.0;2.0;1.0;1.0;2.0;0.5;0.5;0.5;1.0;2.0;1.0;1.0;295;3
286;Kapilz;Pflanze;Kampf;70;60;130;80;60;60;70;1.0;1.0;4.0;2.0;0.5;0.5;1.0;1.0;1.0;2.0;0.5;0.5;0.5;2.0;2.0;1.0;0.5;460;3
287;Bummelz;Normal;;70;60;60;60;35;35;30;1.0;2.0;1.0;1.0;1.0;1.0;1.0;0.0;1.0;1.0;1.0;1.0;1.0;1.0;1.0;1.0;1.0;280;3
288;Muntier;Normal;;70;80;80;80;55;55;90;1.0;2.0;1.0;1.0;1.0;1.0;1.0;0.0;1.0;1.0;1.0;1.0;1.0;1.0;1.0;1.0;1.0;440;3
289;Letarking;Normal;;70;150;160;100;95;65;100;1.0;2.0;1.0;1.0;1.0;1.0;1.0;0.0;1.0;1.0;1.0;1.0;1.0;1.0;1.0;1.0;1.0;670;3
290;Nincada;Käfer;Boden;70;31;45;90;30;30;40;1.0;0.5;2.0;0.5;0.5;1.0;1.0;1.0;1.0;2.0;2.0;1.0;0.0;1.0;2.0;1.0;1.0;266;3
291;Ninjask;Käfer;Flug;70;61;90;45;50;50;160;1.0;0.25;2.0;1.0;0.0;4.0;0.5;1.0;1.0;2.0;1.0;0.25;2.0;1.0;2.0;1.0;1.0;456;3
292;Ninjatom;Käfer;Geist;70;1;90;45;30;30;40;0.0;0.0;2.0;0.5;0.5;2.0;0.5;2.0;1.0;2.0;1.0;0.5;1.0;1.0;1.0;1.0;2.0;236;3
293;Flurmel;Normal;;70;64;51;23;51;23;28;1.0;2.0;1.0;1.0;1.0;1.0;1.0;0.0;1.0;1.0;1.0;1.0;1.0;1.0;1.0;1.0;1.0;240;3
294;Krakeelo;Normal;;70;84;71;43;71;43;48;1.0;2.0;1.0;1.0;1.0;1.0;1.0;0.0;1.0;1.0;1.0;1.0;1.0;1.0;1.0;1.0;1.0;360;3
295;Krawumms;Normal;;70;104;91;63;91;63;68;1.0;2.0;1.0;1.0;1.0;1.0;1.0;0.0;1.0;1.0;1.0;1.0;1.0;1.0;1.0;1.0;1.0;480;3
296;Makuhita;Kampf;;70;72;60;30;20;30;25;1.0;1.0;2.0;1.0;1.0;0.5;0.5;1.0;1.0;1.0;1.0;1.0;1.0;2.0;1.0;1.0;0.5;237;3
297;Hariyama;Kampf;;70;144;120;60;40;60;50;1.0;1.0;2.0;1.0;1.0;0.5;0.5;1.0;1.0;1.0;1.0;1.0;1.0;2.0;1.0;1.0;0.5;474;3
298;Azurill;Normal;;70;50;20;40;20;40;20;1.0;2.0;1.0;1.0;1.0;1.0;1.0;0.0;1.0;1.0;1.0;1.0;1.0;1.0;1.0;1.0;1.0;190;3
299;Nasgnet;Gestein;;70;30;45;135;45;90;30;0.5;2.0;0.5;0.5;2.0;1.0;1.0;1.0;2.0;0.5;2.0;2.0;1.0;1.0;1.0;1.0;1.0;375;3
300;Eneco;Normal;;70;50;45;45;35;35;50;1.0;2.0;1.0;1.0;1.0;1.0;1.0;0.0;1.0;1.0;1.0;1.0;1.0;1.0;1.0;1.0;1.0;260;3
301;Enekoro;Normal;;70;70;65;65;55;55;70;1.0;2.0;1.0;1.0;1.0;1.0;1.0;0.0;1.0;1.0;1.0;1.0;1.0;1.0;1.0;1.0;1.0;380;3
302;Zobiris;Unlicht;Geist;35;50;75;75;65;65;50;0.0;0.0;1.0;0.5;1.0;1.0;1.0;1.0;1.0;1.0;1.0;1.0;1.0;0.0;1.0;1.0;1.0;380;3
303;Flunkifer;Stahl;;70;50;85;85;55;55;50;0.5;2.0;0.5;0.0;2.0;0.5;0.5;0.5;0.5;2.0;1.0;0.5;1.0;0.5;0.5;0.5;0.5;380;3
304;Stollunior;Stahl;Gestein;35;50;70;100;40;40;30;0.25;4.0;0.25;0.0;4.0;0.5;0.5;0.5;1.0;1.0;2.0;1.0;1.0;0.5;0.5;0.5;0.5;330;3
305;Stollrak;Stahl;Gestein;35;60;90;140;50;50;40;0.25;4.0;0.25;0.0;4.0;0.5;0.5;0.5;1.0;1.0;2.0;1.0;1.0;0.5;0.5;0.5;0.5;430;3
306;Stolloss;Stahl;Gestein;35;70;110;180;60;60;50;0.25;4.0;0.25;0.0;4.0;0.5;0.5;0.5;1.0;1.0;2.0;1.0;1.0;0.5;0.5;0.5;0.5;530;3
307;Meditie;Kampf;Psycho;70;30;40;55;40;55;60;1.0;0.5;2.0;1.0;1.0;0.5;1.0;2.0;1.0;1.0;1.0;1.0;1.0;1.0;1.0;1.0;1.0;280;3
308;Meditalis;Kampf;Psycho;70;60;60;75;60;75;80;1.0;0.5;2.0;1.0;1.0;0.5;1.0;2.0;1.0;1.0;1.0;1.0;1.0;1.0;1.0;1.0;1.0;410;3
309;Frizelbliz;Elektro;;70;40;45;40;65;40;65;1.0;1.0;0.5;1.0;2.0;1.0;1.0;1.0;0.5;1.0;1.0;1.0;0.5;1.0;1.0;1.0;1.0;295;3
310;Voltenso;Elektro;;70;70;75;60;105;60;105;1.0;1.0;0.5;1.0;2.0;1.0;1.0;1.0;0.5;1.0;1.0;1.0;0.5;1.0;1.0;1.0;1.0;475;3
311;Plusle;Elektro;;70;60;50;40;85;75;95;1.0;1.0;0.5;1.0;2.0;1.0;1.0;1.0;0.5;1.0;1.0;1.0;0.5;1.0;1.0;1.0;1.0;405;3
312;Minun;Elektro;;70;60;40;50;75;85;95;1.0;1.0;0.5;1.0;2.0;1.0;1.0;1.0;0.5;1.0;1.0;1.0;0.5;1.0;1.0;1.0;1.0;405;3
313;Volbeat;Käfer;;70;65;73;55;47;75;85;1.0;0.5;2.0;1.0;0.5;2.0;1.0;1.0;1.0;2.0;1.0;0.5;1.0;1.0;1.0;1.0;1.0;400;3
314;Illumise;Käfer;;70;65;47;55;73;75;85;1.0;0.5;2.0;1.0;0.5;2.0;1.0;1.0;1.0;2.0;1.0;0.5;1.0;1.0;1.0;1.0;1.0;400;3
315;Roselia;Pflanze;Gift;70;50;60;45;100;80;65;1.0;0.5;2.0;1.0;1.0;1.0;1.0;1.0;1.0;2.0;0.5;0.25;0.5;2.0;2.0;1.0;1.0;400;3
316;Schluppuck;Gift;;70;70;43;53;43;53;40;1.0;0.5;1.0;0.5;2.0;1.0;0.5;1.0;1.0;1.0;1.0;0.5;1.0;2.0;1.0;1.0;1.0;302;3
317;Schlukwech;Gift;;70;100;73;83;73;83;55;1.0;0.5;1.0;0.5;2.0;1.0;0.5;1.0;1.0;1.0;1.0;0.5;1.0;2.0;1.0;1.0;1.0;467;3
318;Kanivanha;Wasser;Unlicht;35;45;90;20;65;20;65;1.0;2.0;1.0;1.0;1.0;1.0;2.0;0.5;0.5;0.5;0.5;2.0;2.0;0.0;0.5;1.0;0.5;305;3
319;Tohaido;Wasser;Unlicht;35;70;120;40;95;40;95;1.0;2.0;1.0;1.0;1.0;1.0;2.0;0.5;0.5;0.5;0.5;2.0;2.0;0.0;0.5;1.0;0.5;460;3
320;Wailmer;Wasser;;70;130;70;35;70;35;60;1.0;1.0;1.0;1.0;1.0;1.0;1.0;1.0;0.5;0.5;0.5;2.0;2.0;1.0;0.5;1.0;1.0;400;3
321;Wailord;Wasser;;70;170;90;45;90;45;60;1.0;1.0;1.0;1.0;1.0;1.0;1.0;1.0;0.5;0.5;0.5;2.0;2.0;1.0;0.5;1.0;1.0;500;3
322;Camaub;Feuer;Boden;70;60;60;40;65;45;35;1.0;1.0;1.0;0.5;2.0;1.0;0.5;1.0;0.5;0.5;4.0;1.0;0.0;1.0;1.0;1.0;1.0;305;3
323;Camerupt;Feuer;Boden;70;70;100;70;105;75;40;1.0;1.0;1.0;0.5;2.0;1.0;0.5;1.0;0.5;0.5;4.0;1.0;0.0;1.0;1.0;1.0;1.0;460;3
324;Qurtel;Feuer;;70;70;85;140;85;70;20;1.0;1.0;1.0;1.0;2.0;2.0;0.5;1.0;0.5;0.5;2.0;0.5;1.0;1.0;0.5;1.0;1.0;470;3
325;Spoink;Psycho;;70;60;25;35;70;80;60;1.0;0.5;1.0;1.0;1.0;1.0;2.0;2.0;1.0;1.0;1.0;1.0;1.0;0.5;1.0;1.0;2.0;330;3
326;Groink;Psycho;;70;80;45;65;90;110;80;1.0;0.5;1.0;1.0;1.0;1.0;2.0;2.0;1.0;1.0;1.0;1.0;1.0;0.5;1.0;1.0;2.0;470;3
327;Pandir;Normal;;70;60;60;60;60;60;60;1.0;2.0;1.0;1.0;1.0;1.0;1.0;0.0;1.0;1.0;1.0;1.0;1.0;1.0;1.0;1.0;1.0;360;3
328;Knacklion;Boden;;70;45;100;45;45;45;10;1.0;1.0;1.0;0.5;1.0;0.5;1.0;1.0;1.0;1.0;2.0;2.0;0.0;1.0;2.0;1.0;1.0;290;3
329;Vibrava;Boden;Drachen;70;50;70;50;50;50;70;1.0;1.0;1.0;0.5;1.0;0.5;1.0;1.0;1.0;0.5;1.0;1.0;0.0;1.0;4.0;2.0;1.0;340;3
330;Libelldra;Boden;Drachen;70;80;100;80;80;80;100;1.0;1.0;1.0;0.5;1.0;0.5;1.0;1.0;1.0;0.5;1.0;1.0;0.0;1.0;4.0;2.0;1.0;520;3
331;Tuska;Pflanze;;35;50;85;40;85;40;35;1.0;1.0;2.0;2.0;0.5;1.0;2.0;1.0;1.0;2.0;0.5;0.5;0.5;1.0;2.0;1.0;1.0;335;3
332;Noktuska;Pflanze;Unlicht;35;70;115;60;115;60;55;1.0;2.0;2.0;2.0;0.5;1.0;4.0;0.5;1.0;2.0;0.5;0.5;0.5;0.0;2.0;1.0;0.5;475;3
333;Wablu;Normal;Flug;70;45;40;60;40;75;50;1.0;1.0;1.0;1.0;0.0;2.0;0.5;0.0;1.0;1.0;1.0;0.5;2.0;1.0;2.0;1.0;1.0;310;3
334;Altaria;Drachen;Flug;70;75;70;90;70;105;80;1.0;0.5;1.0;1.0;0.0;2.0;0.5;1.0;1.0;0.5;0.5;0.25;1.0;1.0;4.0;2.0;1.0;490;3
335;Sengo;Normal;;70;73;115;60;60;60;90;1.0;2.0;1.0;1.0;1.0;1.0;1.0;0.0;1.0;1.0;1.0;1.0;1.0;1.0;1.0;1.0;1.0;458;3
336;Vipitis;Gift;;70;73;100;60;100;60;65;1.0;0.5;1.0;0.5;2.0;1.0;0.5;1.0;1.0;1.0;1.0;0.5;1.0;2.0;1.0;1.0;1.0;458;3
337;Lunastein;Gestein;Psycho;70;70;55;65;95;85;70;0.5;1.0;0.5;0.5;2.0;1.0;2.0;2.0;2.0;0.5;2.0;2.0;1.0;0.5;1.0;1.0;2.0;440;3
338;Sonnfel;Gestein;Psycho;70;70;95;85;55;65;70;0.5;1.0;0.5;0.5;2.0;1.0;2.0;2.0;2.0;0.5;2.0;2.0;1.0;0.5;1.0;1.0;2.0;440;3
339;Schmerbe;Wasser;Boden;70;50;48;43;46;41;60;1.0;1.0;1.0;0.5;1.0;0.5;1.0;1.0;0.5;0.5;1.0;4.0;0.0;1.0;1.0;1.0;1.0;288;3
340;Welsar;Wasser;Boden;70;110;78;73;76;71;60;1.0;1.0;1.0;0.5;1.0;0.5;1.0;1.0;0.5;0.5;1.0;4.0;0.0;1.0;1.0;1.0;1.0;468;3
341;Krebscorps;Wasser;;70;43;80;65;50;35;35;1.0;1.0;1.0;1.0;1.0;1.0;1.0;1.0;0.5;0.5;0.5;2.0;2.0;1.0;0.5;1.0;1.0;308;3
342;Krebutack;Wasser;Unlicht;70;63;120;85;90;55;55;1.0;2.0;1.0;1.0;1.0;1.0;2.0;0.5;0.5;0.5;0.5;2.0;2.0;0.0;0.5;1.0;0.5;468;3
343;Puppance;Boden;Psycho;70;40;40;55;40;70;55;1.0;0.5;1.0;0.5;1.0;0.5;2.0;2.0;1.0;1.0;2.0;2.0;0.0;0.5;2.0;1.0;2.0;300;3
344;Lepumentas;Boden;Psycho;70;60;70;105;70;120;75;1.0;0.5;1.0;0.5;1.0;0.5;2.0;2.0;1.0;1.0;2.0;2.0;0.0;0.5;2.0;1.0;2.0;500;3
345;Liliep;Gestein;Pflanze;70;66;41;77;61;87;23;0.5;2.0;1.0;1.0;1.0;1.0;2.0;1.0;2.0;1.0;1.0;1.0;0.5;1.0;2.0;1.0;1.0;355;3
346;Wielie;Gestein;Pflanze;70;86;81;97;81;107;43;0.5;2.0;1.0;1.0;1.0;1.0;2.0;1.0;2.0;1.0;1.0;1.0;0.5;1.0;2.0;1.0;1.0;495;3
347;Anorith;Gestein;Käfer;70;45;95;50;40;50;75;0.5;1.0;1.0;0.5;1.0;2.0;1.0;1.0;2.0;1.0;2.0;1.0;1.0;1.0;1.0;1.0;1.0;355;3
348;Armaldo;Gestein;Käfer;70;75;125;100;70;80;45;0.5;1.0;1.0;0.5;1.0;2.0;1.0;1.0;2.0;1.0;2.0;1.0;1.0;1.0;1.0;1.0;1.0;495;3
349;Barschwa;Wasser;;70;20;15;20;10;55;80;1.0;1.0;1.0;1.0;1.0;1.0;1.0;1.0;0.5;0.5;0.5;2.0;2.0;1.0;0.5;1.0;1.0;200;3
350;Milotic;Wasser;;70;95;60;79;100;125;81;1.0;1.0;1.0;1.0;1.0;1.0;1.0;1.0;0.5;0.5;0.5;2.0;2.0;1.0;0.5;1.0;1.0;540;3
351;Formeo;Eis;;70;70;70;70;70;70;70;1.0;2.0;1.0;1.0;1.0;2.0;1.0;1.0;2.0;2.0;1.0;1.0;1.0;1.0;0.5;1.0;1.0;420;3
351;Formeo;Feuer;;70;70;70;70;70;70;70;1.0;1.0;1.0;1.0;2.0;2.0;0.5;1.0;0.5;0.5;2.0;0.5;1.0;1.0;0.5;1.0;1.0;420;3
351;Formeo;Wasser;;70;70;70;70;70;70;70;1.0;1.0;1.0;1.0;1.0;1.0;1.0;1.0;0.5;0.5;0.5;2.0;2.0;1.0;0.5;1.0;1.0;420;3
351;Formeo;Normal;;70;70;70;70;70;70;70;1.0;2.0;1.0;1.0;1.0;1.0;1.0;0.0;1.0;1.0;1.0;1.0;1.0;1.0;1.0;1.0;1.0;420;3
352;Kecleon;Normal;;70;60;90;70;60;120;40;1.0;2.0;1.0;1.0;1.0;1.0;1.0;0.0;1.0;1.0;1.0;1.0;1.0;1.0;1.0;1.0;1.0;440;3
353;Shuppet;Geist;;35;44;75;35;63;33;45;0.0;0.0;1.0;0.5;1.0;1.0;0.5;2.0;1.0;1.0;1.0;1.0;1.0;1.0;1.0;1.0;2.0;295;3
354;Banette;Geist;;35;64;115;65;83;63;65;0.0;0.0;1.0;0.5;1.0;1.0;0.5;2.0;1.0;1.0;1.0;1.0;1.0;1.0;1.0;1.0;2.0;455;3
355;Zwirrlicht;Geist;;35;20;40;90;30;90;25;0.0;0.0;1.0;0.5;1.0;1.0;0.5;2.0;1.0;1.0;1.0;1.0;1.0;1.0;1.0;1.0;2.0;295;3
356;Zwirrklop;Geist;;35;40;70;130;60;130;25;0.0;0.0;1.0;0.5;1.0;1.0;0.5;2.0;1.0;1.0;1.0;1.0;1.0;1.0;1.0;1.0;2.0;455;3
357;Tropius;Pflanze;Flug;70;99;68;83;72;87;51;1.0;0.5;2.0;2.0;0.0;2.0;1.0;1.0;1.0;2.0;0.5;0.25;1.0;1.0;4.0;1.0;1.0;460;3
358;Palimpalim;Psycho;;70;65;50;70;95;80;65;1.0;0.5;1.0;1.0;1.0;1.0;2.0;2.0;1.0;1.0;1.0;1.0;1.0;0.5;1.0;1.0;2.0;425;3
359;Absol;Unlicht;;35;65;130;60;75;60;75;1.0;2.0;1.0;1.0;1.0;1.0;2.0;0.5;1.0;1.0;1.0;1.0;1.0;0.0;1.0;1.0;0.5;465;3
360;Isso;Psycho;;70;95;23;48;23;48;23;1.0;0.5;1.0;1.0;1.0;1.0;2.0;2.0;1.0;1.0;1.0;1.0;1.0;0.5;1.0;1.0;2.0;260;3
361;Schneppke;Eis;;70;50;50;50;50;50;50;1.0;2.0;1.0;1.0;1.0;2.0;1.0;1.0;2.0;2.0;1.0;1.0;1.0;1.0;0.5;1.0;1.0;300;3
362;Firnontor;Eis;;70;80;80;80;80;80;80;1.0;2.0;1.0;1.0;1.0;2.0;1.0;1.0;2.0;2.0;1.0;1.0;1.0;1.0;0.5;1.0;1.0;480;3
363;Seemops;Eis;Wasser;70;70;40;50;55;50;25;1.0;2.0;1.0;1.0;1.0;2.0;1.0;1.0;1.0;1.0;0.5;2.0;2.0;1.0;0.25;1.0;1.0;290;3
364;Seejong;Eis;Wasser;70;90;60;70;75;70;45;1.0;2.0;1.0;1.0;1.0;2.0;1.0;1.0;1.0;1.0;0.5;2.0;2.0;1.0;0.25;1.0;1.0;410;3
365;Walraisa;Eis;Wasser;70;110;80;90;95;90;65;1.0;2.0;1.0;1.0;1.0;2.0;1.0;1.0;1.0;1.0;0.5;2.0;2.0;1.0;0.25;1.0;1.0;530;3
366;Perlu;Wasser;;70;35;64;85;74;55;32;1.0;1.0;1.0;1.0;1.0;1.0;1.0;1.0;0.5;0.5;0.5;2.0;2.0;1.0;0.5;1.0;1.0;345;3
367;Aalabyss;Wasser;;70;55;104;105;94;75;52;1.0;1.0;1.0;1.0;1.0;1.0;1.0;1.0;0.5;0.5;0.5;2.0;2.0;1.0;0.5;1.0;1.0;485;3
368;Saganabyss;Wasser;;70;55;84;105;114;75;52;1.0;1.0;1.0;1.0;1.0;1.0;1.0;1.0;0.5;0.5;0.5;2.0;2.0;1.0;0.5;1.0;1.0;485;3
369;Relicanth;Wasser;Gestein;70;100;90;130;45;65;55;0.5;2.0;0.5;0.5;2.0;1.0;1.0;1.0;1.0;0.25;1.0;4.0;2.0;1.0;0.5;1.0;1.0;485;3
370;Liebiskus;Wasser;;70;43;30;55;40;65;97;1.0;1.0;1.0;1.0;1.0;1.0;1.0;1.0;0.5;0.5;0.5;2.0;2.0;1.0;0.5;1.0;1.0;330;3
371;Kindwurm;Drachen;;35;45;75;60;40;30;50;1.0;1.0;1.0;1.0;1.0;1.0;1.0;1.0;1.0;0.5;0.5;0.5;0.5;1.0;2.0;2.0;1.0;300;3
372;Draschel;Drachen;;35;65;95;100;60;50;50;1.0;1.0;1.0;1.0;1.0;1.0;1.0;1.0;1.0;0.5;0.5;0.5;0.5;1.0;2.0;2.0;1.0;420;3
373;Brutalanda;Drachen;Flug;35;95;135;80;110;80;100;1.0;0.5;1.0;1.0;0.0;2.0;0.5;1.0;1.0;0.5;0.5;0.25;1.0;1.0;4.0;2.0;1.0;600;3
374;Tanhel;Stahl;Psycho;35;40;55;80;35;60;30;0.5;1.0;0.5;0.0;2.0;0.5;1.0;1.0;0.5;2.0;1.0;0.5;1.0;0.25;0.5;0.5;1.0;300;3
375;Metang;Stahl;Psycho;35;60;75;100;55;80;50;0.5;1.0;0.5;0.0;2.0;0.5;1.0;1.0;0.5;2.0;1.0;0.5;1.0;0.25;0.5;0.5;1.0;420;3
376;Metagross;Stahl;Psycho;35;80;135;130;95;90;70;0.5;1.0;0.5;0.0;2.0;0.5;1.0;1.0;0.5;2.0;1.0;0.5;1.0;0.25;0.5;0.5;1.0;600;3
377;Regirock;Gestein;;35;80;100;200;50;100;50;0.5;2.0;0.5;0.5;2.0;1.0;1.0;1.0;2.0;0.5;2.0;2.0;1.0;1.0;1.0;1.0;1.0;580;3
378;Regice;Eis;;35;80;50;100;100;200;50;1.0;2.0;1.0;1.0;1.0;2.0;1.0;1.0;2.0;2.0;1.0;1.0;1.0;1.0;0.5;1.0;1.0;580;3
379;Registeel;Stahl;;35;80;75;150;75;150;50;0.5;2.0;0.5;0.0;2.0;0.5;0.5;0.5;0.5;2.0;1.0;0.5;1.0;0.5;0.5;0.5;0.5;580;3
380;Latias;Drachen;Psycho;90;80;80;90;110;130;110;1.0;0.5;1.0;1.0;1.0;1.0;2.0;2.0;1.0;0.5;0.5;0.5;0.5;0.5;2.0;2.0;2.0;600;3
381;Latios;Drachen;Psycho;90;80;90;80;130;110;110;1.0;0.5;1.0;1.0;1.0;1.0;2.0;2.0;1.0;0.5;0.5;0.5;0.5;0.5;2.0;2.0;2.0;600;3
382;Kyogre;Wasser;;0;100;100;90;150;140;90;1.0;1.0;1.0;1.0;1.0;1.0;1.0;1.0;0.5;0.5;0.5;2.0;2.0;1.0;0.5;1.0;1.0;670;3
383;Groudon;Boden;;0;100;150;140;100;90;90;1.0;1.0;1.0;0.5;1.0;0.5;1.0;1.0;1.0;1.0;2.0;2.0;0.0;1.0;2.0;1.0;1.0;670;3
384;Rayquaza;Drachen;Flug;0;105;150;90;150;90;95;1.0;0.5;1.0;1.0;0.0;2.0;0.5;1.0;1.0;0.5;0.5;0.25;1.0;1.0;4.0;2.0;1.0;680;3
385;Jirachi;Stahl;Psycho;100;100;100;100;100;100;100;0.5;1.0;0.5;0.0;2.0;0.5;1.0;1.0;0.5;2.0;1.0;0.5;1.0;0.25;0.5;0.5;1.0;600;3
386;Deoxys;Psycho;;0;50;95;90;95;90;180;1.0;0.5;1.0;1.0;1.0;1.0;2.0;2.0;1.0;1.0;1.0;1.0;1.0;0.5;1.0;1.0;2.0;600;3
386;Deoxys;Psycho;;0;50;70;160;70;160;90;1.0;0.5;1.0;1.0;1.0;1.0;2.0;2.0;1.0;1.0;1.0;1.0;1.0;0.5;1.0;1.0;2.0;600;3
386;Deoxys;Psycho;;0;50;150;50;150;50;150;1.0;0.5;1.0;1.0;1.0;1.0;2.0;2.0;1.0;1.0;1.0;1.0;1.0;0.5;1.0;1.0;2.0;600;3
386;Deoxys;Psycho;;0;50;180;20;180;20;150;1.0;0.5;1.0;1.0;1.0;1.0;2.0;2.0;1.0;1.0;1.0;1.0;1.0;0.5;1.0;1.0;2.0;600;3
387;Chelast;Pflanze;;70;55;68;64;45;55;31;1.0;1.0;2.0;2.0;0.5;1.0;2.0;1.0;1.0;2.0;0.5;0.5;0.5;1.0;2.0;1.0;1.0;318;4
388;Chelcarain;Pflanze;;70;75;89;85;55;65;36;1.0;1.0;2.0;2.0;0.5;1.0;2.0;1.0;1.0;2.0;0.5;0.5;0.5;1.0;2.0;1.0;1.0;405;4
389;Chelterrar;Pflanze;Boden;70;95;109;105;75;85;56;1.0;1.0;2.0;1.0;0.5;0.5;2.0;1.0;1.0;2.0;1.0;1.0;0.0;1.0;4.0;1.0;1.0;525;4
390;Panflam;Feuer;;70;44;58;44;58;44;61;1.0;1.0;1.0;1.0;2.0;2.0;0.5;1.0;0.5;0.5;2.0;0.5;1.0;1.0;0.5;1.0;1.0;309;4
391;Panpyro;Feuer;Kampf;70;64;78;52;78;52;81;1.0;1.0;2.0;1.0;2.0;1.0;0.25;1.0;0.5;0.5;2.0;0.5;1.0;2.0;0.5;1.0;0.5;405;4
392;Panferno;Feuer;Kampf;70;76;104;71;104;71;108;1.0;1.0;2.0;1.0;2.0;1.0;0.25;1.0;0.5;0.5;2.0;0.5;1.0;2.0;0.5;1.0;0.5;534;4
393;Plinfa;Wasser;;70;53;51;53;61;56;40;1.0;1.0;1.0;1.0;1.0;1.0;1.0;1.0;0.5;0.5;0.5;2.0;2.0;1.0;0.5;1.0;1.0;314;4
394;Pliprin;Wasser;;70;64;66;68;81;76;50;1.0;1.0;1.0;1.0;1.0;1.0;1.0;1.0;0.5;0.5;0.5;2.0;2.0;1.0;0.5;1.0;1.0;405;4
395;Impoleon;Wasser;Stahl;70;84;86;88;111;101;60;0.5;2.0;0.5;0.0;2.0;0.5;0.5;0.5;0.25;1.0;0.5;1.0;2.0;0.5;0.25;0.5;0.5;530;4
396;Staralili;Normal;Flug;70;40;55;30;30;30;60;1.0;1.0;1.0;1.0;0.0;2.0;0.5;0.0;1.0;1.0;1.0;0.5;2.0;1.0;2.0;1.0;1.0;245;4
397;Staravia;Normal;Flug;70;55;75;50;40;40;80;1.0;1.0;1.0;1.0;0.0;2.0;0.5;0.0;1.0;1.0;1.0;0.5;2.0;1.0;2.0;1.0;1.0;340;4
398;Staraptor;Normal;Flug;70;85;120;70;50;50;100;1.0;1.0;1.0;1.0;0.0;2.0;0.5;0.0;1.0;1.0;1.0;0.5;2.0;1.0;2.0;1.0;1.0;475;4
399;Bidiza;Normal;;70;59;45;40;35;40;31;1.0;2.0;1.0;1.0;1.0;1.0;1.0;0.0;1.0;1.0;1.0;1.0;1.0;1.0;1.0;1.0;1.0;250;4
400;Bidifas;Normal;Wasser;70;79;85;60;55;60;71;1.0;2.0;1.0;1.0;1.0;1.0;1.0;0.0;0.5;0.5;0.5;2.0;2.0;1.0;0.5;1.0;1.0;410;4
401;Zirpurze;Käfer;;70;37;25;41;25;41;25;1.0;0.5;2.0;1.0;0.5;2.0;1.0;1.0;1.0;2.0;1.0;0.5;1.0;1.0;1.0;1.0;1.0;194;4
402;Zirpeise;Käfer;;70;77;85;51;55;51;65;1.0;0.5;2.0;1.0;0.5;2.0;1.0;1.0;1.0;2.0;1.0;0.5;1.0;1.0;1.0;1.0;1.0;384;4
403;Sheinux;Elektro;;70;45;65;34;40;34;45;1.0;1.0;0.5;1.0;2.0;1.0;1.0;1.0;0.5;1.0;1.0;1.0;0.5;1.0;1.0;1.0;1.0;263;4
404;Luxio;Elektro;;100;60;85;49;60;49;60;1.0;1.0;0.5;1.0;2.0;1.0;1.0;1.0;0.5;1.0;1.0;1.0;0.5;1.0;1.0;1.0;1.0;363;4
405;Luxtra;Elektro;;70;80;120;79;95;79;70;1.0;1.0;0.5;1.0;2.0;1.0;1.0;1.0;0.5;1.0;1.0;1.0;0.5;1.0;1.0;1.0;1.0;523;4
406;Knospi;Pflanze;Gift;70;40;30;35;50;70;55;1.0;0.5;2.0;1.0;1.0;1.0;1.0;1.0;1.0;2.0;0.5;0.25;0.5;2.0;2.0;1.0;1.0;280;4
407;Roserade;Pflanze;Gift;70;60;70;55;125;105;90;1.0;0.5;2.0;1.0;1.0;1.0;1.0;1.0;1.0;2.0;0.5;0.25;0.5;2.0;2.0;1.0;1.0;505;4
408;Koknodon;Gestein;;70;67;125;40;30;30;58;0.5;2.0;0.5;0.5;2.0;1.0;1.0;1.0;2.0;0.5;2.0;2.0;1.0;1.0;1.0;1.0;1.0;350;4
409;Rameidon;Gestein;;70;97;165;60;65;50;58;0.5;2.0;0.5;0.5;2.0;1.0;1.0;1.0;2.0;0.5;2.0;2.0;1.0;1.0;1.0;1.0;1.0;495;4
410;Schilterus;Gestein;Stahl;70;30;42;118;42;88;30;0.25;4.0;0.25;0.0;4.0;0.5;0.5;0.5;1.0;1.0;2.0;1.0;1.0;0.5;0.5;0.5;0.5;350;4
411;Bollterus;Gestein;Stahl;70;60;52;168;47;138;30;0.25;4.0;0.25;0.0;4.0;0.5;0.5;0.5;1.0;1.0;2.0;1.0;1.0;0.5;0.5;0.5;0.5;495;4
412;Burmy;Käfer;;70;40;29;45;29;45;36;1.0;0.5;2.0;1.0;0.5;2.0;1.0;1.0;1.0;2.0;1.0;0.5;1.0;1.0;1.0;1.0;1.0;224;4
413;Burmadame;Käfer;Pflanze;70;60;59;85;79;105;36;1.0;0.5;4.0;2.0;0.25;2.0;2.0;1.0;1.0;4.0;0.5;0.25;0.5;1.0;2.0;1.0;1.0;424;4
413;Burmadame;Käfer;Stahl;70;60;69;95;69;95;36;0.5;1.0;1.0;0.0;1.0;1.0;0.5;0.5;0.5;4.0;1.0;0.25;1.0;0.5;0.5;0.5;0.5;424;4
413;Burmadame;Käfer;Boden;70;60;79;105;59;85;36;1.0;0.5;2.0;0.5;0.5;1.0;1.0;1.0;1.0;2.0;2.0;1.0;0.0;1.0;2.0;1.0;1.0;424;4
414;Moterpel;Käfer;Flug;70;70;94;50;94;50;66;1.0;0.25;2.0;1.0;0.0;4.0;0.5;1.0;1.0;2.0;1.0;0.25;2.0;1.0;2.0;1.0;1.0;424;4
415;Wadribie;Käfer;Flug;70;30;30;42;30;42;70;1.0;0.25;2.0;1.0;0.0;4.0;0.5;1.0;1.0;2.0;1.0;0.25;2.0;1.0;2.0;1.0;1.0;244;4
416;Honweisel;Käfer;Flug;70;70;80;102;80;102;40;1.0;0.25;2.0;1.0;0.0;4.0;0.5;1.0;1.0;2.0;1.0;0.25;2.0;1.0;2.0;1.0;1.0;474;4
417;Pachirisu;Elektro;;100;60;45;70;45;90;95;1.0;1.0;0.5;1.0;2.0;1.0;1.0;1.0;0.5;1.0;1.0;1.0;0.5;1.0;1.0;1.0;1.0;405;4
418;Bamelin;Wasser;;70;55;65;35;60;30;85;1.0;1.0;1.0;1.0;1.0;1.0;1.0;1.0;0.5;0.5;0.5;2.0;2.0;1.0;0.5;1.0;1.0;330;4
419;Bojelin;Wasser;;70;85;105;55;85;50;115;1.0;1.0;1.0;1.0;1.0;1.0;1.0;1.0;0.5;0.5;0.5;2.0;2.0;1.0;0.5;1.0;1.0;495;4
420;Kikugi;Pflanze;;70;45;35;45;62;53;35;1.0;1.0;2.0;2.0;0.5;1.0;2.0;1.0;1.0;2.0;0.5;0.5;0.5;1.0;2.0;1.0;1.0;275;4
421;Kinoso;Pflanze;;70;70;60;70;87;78;85;1.0;1.0;2.0;2.0;0.5;1.0;2.0;1.0;1.0;2.0;0.5;0.5;0.5;1.0;2.0;1.0;1.0;450;4
422;Schalellos;Wasser;;70;76;48;48;57;62;34;1.0;1.0;1.0;1.0;1.0;1.0;1.0;1.0;0.5;0.5;0.5;2.0;2.0;1.0;0.5;1.0;1.0;325;4
423;Gastrodon;Wasser;Boden;70;111;83;68;92;82;39;1.0;1.0;1.0;0.5;1.0;0.5;1.0;1.0;0.5;0.5;1.0;4.0;0.0;1.0;1.0;1.0;1.0;475;4
424;Ambidiffel;Normal;;100;75;100;66;60;66;115;1.0;2.0;1.0;1.0;1.0;1.0;1.0;0.0;1.0;1.0;1.0;1.0;1.0;1.0;1.0;1.0;1.0;482;4
425;Driftlon;Geist;Flug;70;90;50;34;60;44;70;0.0;0.0;1.0;0.5;0.0;2.0;0.25;2.0;1.0;1.0;1.0;0.5;2.0;1.0;2.0;1.0;2.0;348;4
426;Drifzepeli;Geist;Flug;70;150;80;44;90;54;80;0.0;0.0;1.0;0.5;0.0;2.0;0.25;2.0;1.0;1.0;1.0;0.5;2.0;1.0;2.0;1.0;2.0;498;4
427;Haspiror;Normal;;0;55;66;44;44;56;85;1.0;2.0;1.0;1.0;1.0;1.0;1.0;0.0;1.0;1.0;1.0;1.0;1.0;1.0;1.0;1.0;1.0;350;4
428;Schlapor;Normal;;140;65;76;84;54;96;105;1.0;2.0;1.0;1.0;1.0;1.0;1.0;0.0;1.0;1.0;1.0;1.0;1.0;1.0;1.0;1.0;1.0;480;4
429;Traunmagil;Geist;;35;60;60;60;105;105;105;0.0;0.0;1.0;0.5;1.0;1.0;0.5;2.0;1.0;1.0;1.0;1.0;1.0;1.0;1.0;1.0;2.0;495;4
430;Kramshef;Unlicht;Flug;35;100;125;52;105;52;71;1.0;1.0;1.0;1.0;0.0;2.0;1.0;0.5;1.0;1.0;1.0;0.5;2.0;0.0;2.0;1.0;0.5;505;4
431;Charmian;Normal;;70;49;55;42;42;37;85;1.0;2.0;1.0;1.0;1.0;1.0;1.0;0.0;1.0;1.0;1.0;1.0;1.0;1.0;1.0;1.0;1.0;310;4
432;Shnurgarst;Normal;;70;71;82;64;64;59;112;1.0;2.0;1.0;1.0;1.0;1.0;1.0;0.0;1.0;1.0;1.0;1.0;1.0;1.0;1.0;1.0;1.0;452;4
433;Klingplim;Psycho;;70;45;30;50;65;50;45;1.0;0.5;1.0;1.0;1.0;1.0;2.0;2.0;1.0;1.0;1.0;1.0;1.0;0.5;1.0;1.0;2.0;285;4
434;Skunkapuh;Gift;Unlicht;70;63;63;47;41;41;74;1.0;1.0;1.0;0.5;2.0;1.0;1.0;0.5;1.0;1.0;1.0;0.5;1.0;0.0;1.0;1.0;0.5;329;4
435;Skuntank;Gift;Unlicht;70;103;93;67;71;61;84;1.0;1.0;1.0;0.5;2.0;1.0;1.0;0.5;1.0;1.0;1.0;0.5;1.0;0.0;1.0;1.0;0.5;479;4
436;Bronzel;Stahl;Psycho;70;57;24;86;24;86;23;0.5;1.0;0.5;0.0;2.0;0.5;1.0;1.0;0.5;2.0;1.0;0.5;1.0;0.25;0.5;0.5;1.0;300;4
437;Bronzong;Stahl;Psycho;70;67;89;116;79;116;33;0.5;1.0;0.5;0.0;2.0;0.5;1.0;1.0;0.5;2.0;1.0;0.5;1.0;0.25;0.5;0.5;1.0;500;4
438;Mobai;Gestein;;70;50;80;95;10;45;10;0.5;2.0;0.5;0.5;2.0;1.0;1.0;1.0;2.0;0.5;2.0;2.0;1.0;1.0;1.0;1.0;1.0;290;4
439;Pantimimi;Psycho;;70;20;25;45;70;90;60;1.0;0.5;1.0;1.0;1.0;1.0;2.0;2.0;1.0;1.0;1.0;1.0;1.0;0.5;1.0;1.0;2.0;310;4
440;Wonneira;Normal;;140;100;5;5;15;65;30;1.0;2.0;1.0;1.0;1.0;1.0;1.0;0.0;1.0;1.0;1.0;1.0;1.0;1.0;1.0;1.0;1.0;220;4
441;Plaudagei;Normal;Flug;35;76;65;45;92;42;91;1.0;1.0;1.0;1.0;0.0;2.0;0.5;0.0;1.0;1.0;1.0;0.5;2.0;1.0;2.0;1.0;1.0;411;4
442;Kryppuk;Geist;Unlicht;70;50;92;108;92;108;35;0.0;0.0;1.0;0.5;1.0;1.0;1.0;1.0;1.0;1.0;1.0;1.0;1.0;0.0;1.0;1.0;1.0;485;4
443;Kaumalat;Drachen;Boden;70;58;70;45;40;45;42;1.0;1.0;1.0;0.5;1.0;0.5;1.0;1.0;1.0;0.5;1.0;1.0;0.0;1.0;4.0;2.0;1.0;300;4
444;Knarksel;Drachen;Boden;70;68;90;65;50;55;82;1.0;1.0;1.0;0.5;1.0;0.5;1.0;1.0;1.0;0.5;1.0;1.0;0.0;1.0;4.0;2.0;1.0;410;4
445;Knakrack;Drachen;Boden;70;108;130;95;80;85;102;1.0;1.0;1.0;0.5;1.0;0.5;1.0;1.0;1.0;0.5;1.0;1.0;0.0;1.0;4.0;2.0;1.0;600;4
446;Mampfaxo;Normal;;70;135;85;40;40;85;5;1.0;2.0;1.0;1.0;1.0;1.0;1.0;0.0;1.0;1.0;1.0;1.0;1.0;1.0;1.0;1.0;1.0;390;4
447;Riolu;Kampf;;70;40;70;40;35;40;60;1.0;1.0;2.0;1.0;1.0;0.5;0.5;1.0;1.0;1.0;1.0;1.0;1.0;2.0;1.0;1.0;0.5;285;4
448;Lucario;Kampf;Stahl;70;70;110;70;115;70;90;0.5;2.0;1.0;0.0;2.0;0.25;0.25;0.5;0.5;2.0;1.0;0.5;1.0;1.0;0.5;0.5;0.25;525;4
449;Hippopotas;Boden;;70;68;72;78;38;42;32;1.0;1.0;1.0;0.5;1.0;0.5;1.0;1.0;1.0;1.0;2.0;2.0;0.0;1.0;2.0;1.0;1.0;330;4
450;Hippoterus;Boden;;70;108;112;118;68;72;47;1.0;1.0;1.0;0.5;1.0;0.5;1.0;1.0;1.0;1.0;2.0;2.0;0.0;1.0;2.0;1.0;1.0;525;4
451;Pionskora;Gift;Käfer;70;40;50;90;30;55;65;1.0;0.25;2.0;0.5;1.0;2.0;0.5;1.0;1.0;2.0;1.0;0.25;1.0;2.0;1.0;1.0;1.0;330;4
452;Piondragi;Gift;Unlicht;70;70;90;110;60;75;95;1.0;1.0;1.0;0.5;2.0;1.0;1.0;0.5;1.0;1.0;1.0;0.5;1.0;0.0;1.0;1.0;0.5;500;4
453;Glibunkel;Gift;Kampf;100;48;61;40;61;40;50;1.0;0.5;2.0;0.5;2.0;0.5;0.25;1.0;1.0;1.0;1.0;0.5;1.0;4.0;1.0;1.0;0.5;300;4
454;Toxiquak;Gift;Kampf;70;83;106;65;86;65;85;1.0;0.5;2.0;0.5;2.0;0.5;0.25;1.0;1.0;1.0;1.0;0.5;1.0;4.0;1.0;1.0;0.5;490;4
455;Venuflibis;Pflanze;;70;74;100;72;90;72;46;1.0;1.0;2.0;2.0;0.5;1.0;2.0;1.0;1.0;2.0;0.5;0.5;0.5;1.0;2.0;1.0;1.0;454;4
456;Finneon;Wasser;;70;49;49;56;49;61;66;1.0;1.0;1.0;1.0;1.0;1.0;1.0;1.0;0.5;0.5;0.5;2.0;2.0;1.0;0.5;1.0;1.0;330;4
457;Lumineon;Wasser;;70;69;69;76;69;86;91;1.0;1.0;1.0;1.0;1.0;1.0;1.0;1.0;0.5;0.5;0.5;2.0;2.0;1.0;0.5;1.0;1.0;460;4
458;Mantirps;Wasser;Flug;70;45;20;50;60;120;50;1.0;0.5;1.0;1.0;0.0;2.0;0.5;1.0;0.5;0.5;0.5;1.0;4.0;1.0;1.0;1.0;1.0;345;4
459;Shnebedeck;Pflanze;Eis;70;60;62;50;62;60;40;1.0;2.0;2.0;2.0;0.5;2.0;2.0;1.0;2.0;4.0;0.5;0.5;0.5;1.0;1.0;1.0;1.0;334;4
460;Rexblisar;Pflanze;Eis;70;90;92;75;92;85;60;1.0;2.0;2.0;2.0;0.5;2.0;2.0;1.0;2.0;4.0;0.5;0.5;0.5;1.0;1.0;1.0;1.0;494;4
461;Snibunna;Unlicht;Eis;35;70;120;65;45;85;125;1.0;4.0;1.0;1.0;1.0;2.0;2.0;0.5;2.0;2.0;1.0;1.0;1.0;0.0;0.5;1.0;0.5;510;4
462;Magnezone;Elektro;Stahl;70;70;70;115;130;90;60;0.5;2.0;0.25;0.0;4.0;0.5;0.5;0.5;0.25;2.0;1.0;0.5;0.5;0.5;0.5;0.5;0.5;535;4
463;Schlurplek;Normal;;70;110;85;95;80;95;50;1.0;2.0;1.0;1.0;1.0;1.0;1.0;0.0;1.0;1.0;1.0;1.0;1.0;1.0;1.0;1.0;1.0;515;4
464;Rihornior;Boden;Gestein;70;115;140;130;55;55;40;0.5;2.0;0.5;0.25;2.0;0.5;1.0;1.0;2.0;0.5;4.0;4.0;0.0;1.0;2.0;1.0;1.0;535;4
465;Tangoloss;Pflanze;;70;100;100;125;110;50;50;1.0;1.0;2.0;2.0;0.5;1.0;2.0;1.0;1.0;2.0;0.5;0.5;0.5;1.0;2.0;1.0;1.0;535;4
466;Elevoltek;Elektro;;70;75;123;67;95;85;95;1.0;1.0;0.5;1.0;2.0;1.0;1.0;1.0;0.5;1.0;1.0;1.0;0.5;1.0;1.0;1.0;1.0;540;4
467;Magbrant;Feuer;;70;75;95;67;125;95;83;1.0;1.0;1.0;1.0;2.0;2.0;0.5;1.0;0.5;0.5;2.0;0.5;1.0;1.0;0.5;1.0;1.0;540;4
468;Togekiss;Normal;Flug;70;85;50;95;120;115;80;1.0;1.0;1.0;1.0;0.0;2.0;0.5;0.0;1.0;1.0;1.0;0.5;2.0;1.0;2.0;1.0;1.0;545;4
469;Yanmega;Käfer;Flug;70;86;76;86;116;56;95;1.0;0.25;2.0;1.0;0.0;4.0;0.5;1.0;1.0;2.0;1.0;0.25;2.0;1.0;2.0;1.0;1.0;515;4
470;Folipurba;Pflanze;;35;65;110;130;60;65;95;1.0;1.0;2.0;2.0;0.5;1.0;2.0;1.0;1.0;2.0;0.5;0.5;0.5;1.0;2.0;1.0;1.0;525;4
471;Glaziola;Eis;;35;65;60;110;130;95;65;1.0;2.0;1.0;1.0;1.0;2.0;1.0;1.0;2.0;2.0;1.0;1.0;1.0;1.0;0.5;1.0;1.0;525;4
472;Skorgro;Boden;Flug;70;75;95;125;45;75;95;1.0;0.5;1.0;0.5;0.0;1.0;0.5;1.0;1.0;1.0;2.0;1.0;0.0;1.0;4.0;1.0;1.0;510;4
473;Mamutel;Eis;Boden;70;110;130;80;70;60;80;1.0;2.0;1.0;0.5;1.0;1.0;1.0;1.0;2.0;2.0;2.0;2.0;0.0;1.0;1.0;1.0;1.0;530;4
474;Porygon-Z;Normal;;70;85;80;70;135;75;90;1.0;2.0;1.0;1.0;1.0;1.0;1.0;0.0;1.0;1.0;1.0;1.0;1.0;1.0;1.0;1.0;1.0;535;4
475;Galagladi;Psycho;Kampf;35;68;125;65;65;115;80;1.0;0.5;2.0;1.0;1.0;0.5;1.0;2.0;1.0;1.0;1.0;1.0;1.0;1.0;1.0;1.0;1.0;518;4
476;Voluminas;Gestein;Stahl;70;60;55;145;75;150;40;0.25;4.0;0.25;0.0;4.0;0.5;0.5;0.5;1.0;1.0;2.0;1.0;1.0;0.5;0.5;0.5;0.5;525;4
477;Zwirrfinst;Geist;;35;45;100;135;65;135;45;0.0;0.0;1.0;0.5;1.0;1.0;0.5;2.0;1.0;1.0;1.0;1.0;1.0;1.0;1.0;1.0;2.0;525;4
478;Frosdedje;Eis;Geist;70;70;80;70;80;70;110;0.0;0.0;1.0;0.5;1.0;2.0;0.5;2.0;2.0;2.0;1.0;1.0;1.0;1.0;0.5;1.0;2.0;480;4
479;Rotom;Elektro;Feuer;70;50;65;107;105;107;86;1.0;1.0;0.5;1.0;4.0;2.0;0.5;1.0;0.25;0.5;2.0;0.5;0.5;1.0;0.5;1.0;1.0;520;4
479;Rotom;Elektro;Flug;70;50;65;107;105;107;86;1.0;0.5;0.5;1.0;0.0;2.0;0.5;1.0;0.5;1.0;1.0;0.5;1.0;1.0;2.0;1.0;1.0;520;4
479;Rotom;Elektro;Geist;70;50;50;77;95;77;91;0.0;0.0;0.5;0.5;2.0;1.0;0.5;2.0;0.5;1.0;1.0;1.0;0.5;1.0;1.0;1.0;2.0;440;4
479;Rotom;Elektro;Wasser;70;50;65;107;105;107;86;1.0;1.0;0.5;1.0;2.0;1.0;1.0;1.0;0.25;0.5;0.5;2.0;1.0;1.0;0.5;1.0;1.0;520;4
479;Rotom;Elektro;Eis;70;50;65;107;105;107;86;1.0;2.0;0.5;1.0;2.0;2.0;1.0;1.0;1.0;2.0;1.0;1.0;0.5;1.0;0.5;1.0;1.0;520;4
479;Rotom;Elektro;Pflanze;70;50;65;107;105;107;86;1.0;1.0;1.0;2.0;1.0;1.0;2.0;1.0;0.5;2.0;0.5;0.5;0.25;1.0;2.0;1.0;1.0;520;4
480;Selfe;Psycho;;140;75;75;130;75;130;95;1.0;0.5;1.0;1.0;1.0;1.0;2.0;2.0;1.0;1.0;1.0;1.0;1.0;0.5;1.0;1.0;2.0;580;4
481;Vesprit;Psycho;;140;80;105;105;105;105;80;1.0;0.5;1.0;1.0;1.0;1.0;2.0;2.0;1.0;1.0;1.0;1.0;1.0;0.5;1.0;1.0;2.0;580;4
482;Tobutz;Psycho;;140;75;125;70;125;70;115;1.0;0.5;1.0;1.0;1.0;1.0;2.0;2.0;1.0;1.0;1.0;1.0;1.0;0.5;1.0;1.0;2.0;580;4
483;Dialga;Stahl;Drachen;0;100;120;120;150;100;90;0.5;2.0;0.5;0.0;2.0;0.5;0.5;0.5;0.5;1.0;0.5;0.25;0.5;0.5;1.0;1.0;0.5;680;4
484;Palkia;Wasser;Drachen;0;90;120;100;150;120;100;1.0;1.0;1.0;1.0;1.0;1.0;1.0;1.0;0.5;0.25;0.25;1.0;1.0;1.0;1.0;2.0;1.0;680;4
485;Heatran;Feuer;Stahl;100;91;90;106;130;106;77;0.5;2.0;0.5;0.0;4.0;1.0;0.25;0.5;0.25;1.0;2.0;0.25;1.0;0.5;0.25;0.5;0.5;600;4
486;Regigigas;Normal;;0;110;160;110;80;110;100;1.0;2.0;1.0;1.0;1.0;1.0;1.0;0.0;1.0;1.0;1.0;1.0;1.0;1.0;1.0;1.0;1.0;670;4
487;Giratina;Geist;Drachen;0;150;100;120;100;120;90;0.0;0.0;1.0;0.5;1.0;1.0;0.5;2.0;1.0;0.5;0.5;0.5;0.5;1.0;2.0;2.0;2.0;680;4
487;Giratina;Geist;Drachen;0;150;120;100;120;100;90;0.0;0.0;1.0;0.5;1.0;1.0;0.5;2.0;1.0;0.5;0.5;0.5;0.5;1.0;2.0;2.0;2.0;680;4
488;Cresselia;Psycho;;100;120;70;120;75;130;85;1.0;0.5;1.0;1.0;1.0;1.0;2.0;2.0;1.0;1.0;1.0;1.0;1.0;0.5;1.0;1.0;2.0;600;4
489;Phione;Wasser;;70;80;80;80;80;80;80;1.0;1.0;1.0;1.0;1.0;1.0;1.0;1.0;0.5;0.5;0.5;2.0;2.0;1.0;0.5;1.0;1.0;480;4
490;Manaphy;Wasser;;70;100;100;100;100;100;100;1.0;1.0;1.0;1.0;1.0;1.0;1.0;1.0;0.5;0.5;0.5;2.0;2.0;1.0;0.5;1.0;1.0;600;4
491;Darkrai;Unlicht;;0;70;90;90;135;90;125;1.0;2.0;1.0;1.0;1.0;1.0;2.0;0.5;1.0;1.0;1.0;1.0;1.0;0.0;1.0;1.0;0.5;600;4
492;Shaymin;Pflanze;;100;100;100;100;100;100;100;1.0;1.0;2.0;2.0;0.5;1.0;2.0;1.0;1.0;2.0;0.5;0.5;0.5;1.0;2.0;1.0;1.0;600;4
492;Shaymin;Pflanze;Flug;100;100;103;75;120;75;127;1.0;0.5;2.0;2.0;0.0;2.0;1.0;1.0;1.0;2.0;0.5;0.25;1.0;1.0;4.0;1.0;1.0;600;4
493;Arceus;Eis;;0;120;120;120;120;120;120;1.0;2.0;1.0;1.0;1.0;2.0;1.0;1.0;2.0;2.0;1.0;1.0;1.0;1.0;0.5;1.0;1.0;720;4
493;Arceus;Drachen;;0;120;120;120;120;120;120;1.0;1.0;1.0;1.0;1.0;1.0;1.0;1.0;1.0;0.5;0.5;0.5;0.5;1.0;2.0;2.0;1.0;720;4
493;Arceus;Normal;;0;120;120;120;120;120;120;1.0;2.0;1.0;1.0;1.0;1.0;1.0;0.0;1.0;1.0;1.0;1.0;1.0;1.0;1.0;1.0;1.0;720;4
493;Arceus;Wasser;;0;120;120;120;120;120;120;1.0;1.0;1.0;1.0;1.0;1.0;1.0;1.0;0.5;0.5;0.5;2.0;2.0;1.0;0.5;1.0;1.0;720;4
493;Arceus;Pflanze;;0;120;120;120;120;120;120;1.0;1.0;2.0;2.0;0.5;1.0;2.0;1.0;1.0;2.0;0.5;0.5;0.5;1.0;2.0;1.0;1.0;720;4
493;Arceus;Kampf;;0;120;120;120;120;120;120;1.0;1.0;2.0;1.0;1.0;0.5;0.5;1.0;1.0;1.0;1.0;1.0;1.0;2.0;1.0;1.0;0.5;720;4
493;Arceus;Elektro;;0;120;120;120;120;120;120;1.0;1.0;0.5;1.0;2.0;1.0;1.0;1.0;0.5;1.0;1.0;1.0;0.5;1.0;1.0;1.0;1.0;720;4
493;Arceus;Gestein;;0;120;120;120;120;120;120;0.5;2.0;0.5;0.5;2.0;1.0;1.0;1.0;2.0;0.5;2.0;2.0;1.0;1.0;1.0;1.0;1.0;720;4
493;Arceus;Käfer;;0;120;120;120;120;120;120;1.0;0.5;2.0;1.0;0.5;2.0;1.0;1.0;1.0;2.0;1.0;0.5;1.0;1.0;1.0;1.0;1.0;720;4
493;Arceus;Unlicht;;0;120;120;120;120;120;120;1.0;2.0;1.0;1.0;1.0;1.0;2.0;0.5;1.0;1.0;1.0;1.0;1.0;0.0;1.0;1.0;0.5;720;4
493;Arceus;Geist;;0;120;120;120;120;120;120;0.0;0.0;1.0;0.5;1.0;1.0;0.5;2.0;1.0;1.0;1.0;1.0;1.0;1.0;1.0;1.0;2.0;720;4
493;Arceus;Stahl;;0;120;120;120;120;120;120;0.5;2.0;0.5;0.0;2.0;0.5;0.5;0.5;0.5;2.0;1.0;0.5;1.0;0.5;0.5;0.5;0.5;720;4
493;Arceus;Gift;;0;120;120;120;120;120;120;1.0;0.5;1.0;0.5;2.0;1.0;0.5;1.0;1.0;1.0;1.0;0.5;1.0;2.0;1.0;1.0;1.0;720;4
493;Arceus;Flug;;0;120;120;120;120;120;120;1.0;0.5;1.0;1.0;0.0;2.0;0.5;1.0;1.0;1.0;1.0;0.5;2.0;1.0;2.0;1.0;1.0;720;4
493;Arceus;Feuer;;0;120;120;120;120;120;120;1.0;1.0;1.0;1.0;2.0;2.0;0.5;1.0;0.5;0.5;2.0;0.5;1.0;1.0;0.5;1.0;1.0;720;4
493;Arceus;Psycho;;0;120;120;120;120;120;120;1.0;0.5;1.0;1.0;1.0;1.0;2.0;2.0;1.0;1.0;1.0;1.0;1.0;0.5;1.0;1.0;2.0;720;4
493;Arceus;Boden;;0;120;120;120;120;120;120;1.0;1.0;1.0;0.5;1.0;0.5;1.0;1.0;1.0;1.0;2.0;2.0;0.0;1.0;2.0;1.0;1.0;720;4
494;Victini;Psycho;Feuer;100;100;100;100;100;100;100;1.0;0.5;1.0;1.0;2.0;2.0;1.0;2.0;0.5;0.5;2.0;0.5;1.0;0.5;0.5;1.0;2.0;600;5
495;Serpifeu;Pflanze;;70;45;45;55;45;55;63;1.0;1.0;2.0;2.0;0.5;1.0;2.0;1.0;1.0;2.0;0.5;0.5;0.5;1.0;2.0;1.0;1.0;308;5
496;Efoserp;Pflanze;;70;60;60;75;60;75;83;1.0;1.0;2.0;2.0;0.5;1.0;2.0;1.0;1.0;2.0;0.5;0.5;0.5;1.0;2.0;1.0;1.0;413;5
497;Serpiroyal;Pflanze;;70;75;75;95;75;95;113;1.0;1.0;2.0;2.0;0.5;1.0;2.0;1.0;1.0;2.0;0.5;0.5;0.5;1.0;2.0;1.0;1.0;528;5
498;Floink;Feuer;;70;65;63;45;45;45;45;1.0;1.0;1.0;1.0;2.0;2.0;0.5;1.0;0.5;0.5;2.0;0.5;1.0;1.0;0.5;1.0;1.0;308;5
499;Ferkokel;Feuer;Kampf;70;90;93;55;70;55;55;1.0;1.0;2.0;1.0;2.0;1.0;0.25;1.0;0.5;0.5;2.0;0.5;1.0;2.0;0.5;1.0;0.5;418;5
500;Flambirex;Feuer;Kampf;70;110;123;65;100;65;65;1.0;1.0;2.0;1.0;2.0;1.0;0.25;1.0;0.5;0.5;2.0;0.5;1.0;2.0;0.5;1.0;0.5;528;5
501;Ottaro;Wasser;;70;55;55;45;63;45;45;1.0;1.0;1.0;1.0;1.0;1.0;1.0;1.0;0.5;0.5;0.5;2.0;2.0;1.0;0.5;1.0;1.0;308;5
502;Zwottronin;Wasser;;70;75;75;60;83;60;60;1.0;1.0;1.0;1.0;1.0;1.0;1.0;1.0;0.5;0.5;0.5;2.0;2.0;1.0;0.5;1.0;1.0;413;5
503;Admurai;Wasser;;70;95;100;85;108;70;70;1.0;1.0;1.0;1.0;1.0;1.0;1.0;1.0;0.5;0.5;0.5;2.0;2.0;1.0;0.5;1.0;1.0;528;5
504;Nagelotz;Normal;;70;45;55;39;35;39;42;1.0;2.0;1.0;1.0;1.0;1.0;1.0;0.0;1.0;1.0;1.0;1.0;1.0;1.0;1.0;1.0;1.0;255;5
505;Kukmarda;Normal;;70;60;85;69;60;69;77;1.0;2.0;1.0;1.0;1.0;1.0;1.0;0.0;1.0;1.0;1.0;1.0;1.0;1.0;1.0;1.0;1.0;420;5
506;Yorkleff;Normal;;70;45;60;45;25;45;55;1.0;2.0;1.0;1.0;1.0;1.0;1.0;0.0;1.0;1.0;1.0;1.0;1.0;1.0;1.0;1.0;1.0;275;5
507;Terribark;Normal;;70;65;80;65;35;65;60;1.0;2.0;1.0;1.0;1.0;1.0;1.0;0.0;1.0;1.0;1.0;1.0;1.0;1.0;1.0;1.0;1.0;370;5
508;Bissbark;Normal;;70;85;100;90;45;90;80;1.0;2.0;1.0;1.0;1.0;1.0;1.0;0.0;1.0;1.0;1.0;1.0;1.0;1.0;1.0;1.0;1.0;490;5
509;Felilou;Unlicht;;70;41;50;37;50;37;66;1.0;2.0;1.0;1.0;1.0;1.0;2.0;0.5;1.0;1.0;1.0;1.0;1.0;0.0;1.0;1.0;0.5;281;5
510;Kleoparda;Unlicht;;70;64;88;50;88;50;106;1.0;2.0;1.0;1.0;1.0;1.0;2.0;0.5;1.0;1.0;1.0;1.0;1.0;0.0;1.0;1.0;0.5;446;5
511;Vegimak;Pflanze;;70;50;53;48;53;48;64;1.0;1.0;2.0;2.0;0.5;1.0;2.0;1.0;1.0;2.0;0.5;0.5;0.5;1.0;2.0;1.0;1.0;316;5
512;Vegichita;Pflanze;;70;75;98;63;98;63;101;1.0;1.0;2.0;2.0;0.5;1.0;2.0;1.0;1.0;2.0;0.5;0.5;0.5;1.0;2.0;1.0;1.0;498;5
513;Grillmak;Feuer;;70;50;53;48;53;48;64;1.0;1.0;1.0;1.0;2.0;2.0;0.5;1.0;0.5;0.5;2.0;0.5;1.0;1.0;0.5;1.0;1.0;316;5
514;Grillchita;Feuer;;70;75;98;63;98;63;101;1.0;1.0;1.0;1.0;2.0;2.0;0.5;1.0;0.5;0.5;2.0;0.5;1.0;1.0;0.5;1.0;1.0;498;5
515;Sodamak;Wasser;;70;50;53;48;53;48;64;1.0;1.0;1.0;1.0;1.0;1.0;1.0;1.0;0.5;0.5;0.5;2.0;2.0;1.0;0.5;1.0;1.0;316;5
516;Sodachita;Wasser;;70;75;98;63;98;63;101;1.0;1.0;1.0;1.0;1.0;1.0;1.0;1.0;0.5;0.5;0.5;2.0;2.0;1.0;0.5;1.0;1.0;498;5
517;Somniam;Psycho;;70;76;25;45;67;55;24;1.0;0.5;1.0;1.0;1.0;1.0;2.0;2.0;1.0;1.0;1.0;1.0;1.0;0.5;1.0;1.0;2.0;292;5
518;Somnivora;Psycho;;70;116;55;85;107;95;29;1.0;0.5;1.0;1.0;1.0;1.0;2.0;2.0;1.0;1.0;1.0;1.0;1.0;0.5;1.0;1.0;2.0;487;5
519;Dusselgurr;Normal;Flug;70;50;55;50;36;30;43;1.0;1.0;1.0;1.0;0.0;2.0;0.5;0.0;1.0;1.0;1.0;0.5;2.0;1.0;2.0;1.0;1.0;264;5
520;Navitaub;Normal;Flug;70;62;77;62;50;42;65;1.0;1.0;1.0;1.0;0.0;2.0;0.5;0.0;1.0;1.0;1.0;0.5;2.0;1.0;2.0;1.0;1.0;358;5
521;Fasasnob;Normal;Flug;70;80;105;80;65;55;93;1.0;1.0;1.0;1.0;0.0;2.0;0.5;0.0;1.0;1.0;1.0;0.5;2.0;1.0;2.0;1.0;1.0;478;5
522;Elezeba;Elektro;;70;45;60;32;50;32;76;1.0;1.0;0.5;1.0;2.0;1.0;1.0;1.0;0.5;1.0;1.0;1.0;0.5;1.0;1.0;1.0;1.0;295;5
523;Zebritz;Elektro;;70;75;100;63;80;63;116;1.0;1.0;0.5;1.0;2.0;1.0;1.0;1.0;0.5;1.0;1.0;1.0;0.5;1.0;1.0;1.0;1.0;497;5
524;Kiesling;Gestein;;70;55;75;85;25;25;15;0.5;2.0;0.5;0.5;2.0;1.0;1.0;1.0;2.0;0.5;2.0;2.0;1.0;1.0;1.0;1.0;1.0;280;5
525;Sedimantur;Gestein;;70;70;105;105;50;40;20;0.5;2.0;0.5;0.5;2.0;1.0;1.0;1.0;2.0;0.5;2.0;2.0;1.0;1.0;1.0;1.0;1.0;390;5
526;Brockoloss;Gestein;;70;85;135;130;60;70;25;0.5;2.0;0.5;0.5;2.0;1.0;1.0;1.0;2.0;0.5;2.0;2.0;1.0;1.0;1.0;1.0;1.0;505;5
527;Fleknoil;Psycho;Flug;70;55;45;43;55;43;72;1.0;0.25;1.0;1.0;0.0;2.0;1.0;2.0;1.0;1.0;1.0;0.5;2.0;0.5;2.0;1.0;2.0;313;5
528;Fletiamo;Psycho;Flug;70;67;57;55;77;55;114;1.0;0.25;1.0;1.0;0.0;2.0;1.0;2.0;1.0;1.0;1.0;0.5;2.0;0.5;2.0;1.0;2.0;425;5
529;Rotomurf;Boden;;70;60;85;40;30;45;68;1.0;1.0;1.0;0.5;1.0;0.5;1.0;1.0;1.0;1.0;2.0;2.0;0.0;1.0;2.0;1.0;1.0;328;5
530;Stalobor;Boden;Stahl;70;110;135;60;50;65;88;0.5;2.0;0.5;0.0;2.0;0.25;0.5;0.5;0.5;2.0;2.0;1.0;0.0;0.5;1.0;0.5;0.5;508;5
531;Ohrdoch;Normal;;70;103;60;86;60;86;50;1.0;2.0;1.0;1.0;1.0;1.0;1.0;0.0;1.0;1.0;1.0;1.0;1.0;1.0;1.0;1.0;1.0;445;5
532;Praktibalk;Kampf;;70;75;80;55;25;35;35;1.0;1.0;2.0;1.0;1.0;0.5;0.5;1.0;1.0;1.0;1.0;1.0;1.0;2.0;1.0;1.0;0.5;305;5
533;Strepoli;Kampf;;70;85;105;85;40;50;40;1.0;1.0;2.0;1.0;1.0;0.5;0.5;1.0;1.0;1.0;1.0;1.0;1.0;2.0;1.0;1.0;0.5;405;5
534;Meistagrif;Kampf;;70;105;140;95;55;65;45;1.0;1.0;2.0;1.0;1.0;0.5;0.5;1.0;1.0;1.0;1.0;1.0;1.0;2.0;1.0;1.0;0.5;505;5
535;Schallquap;Wasser;;70;50;50;40;50;40;64;1.0;1.0;1.0;1.0;1.0;1.0;1.0;1.0;0.5;0.5;0.5;2.0;2.0;1.0;0.5;1.0;1.0;294;5
536;Mebrana;Wasser;Boden;70;75;65;55;65;55;69;1.0;1.0;1.0;0.5;1.0;0.5;1.0;1.0;0.5;0.5;1.0;4.0;0.0;1.0;1.0;1.0;1.0;384;5
537;Branawarz;Wasser;Boden;70;105;85;75;85;75;74;1.0;1.0;1.0;0.5;1.0;0.5;1.0;1.0;0.5;0.5;1.0;4.0;0.0;1.0;1.0;1.0;1.0;499;5
538;Jiutesto;Kampf;;70;120;100;85;30;85;45;1.0;1.0;2.0;1.0;1.0;0.5;0.5;1.0;1.0;1.0;1.0;1.0;1.0;2.0;1.0;1.0;0.5;465;5
539;Karadonis;Kampf;;70;75;125;75;30;75;85;1.0;1.0;2.0;1.0;1.0;0.5;0.5;1.0;1.0;1.0;1.0;1.0;1.0;2.0;1.0;1.0;0.5;465;5
540;Strawickl;Käfer;Pflanze;70;45;53;70;40;60;42;1.0;0.5;4.0;2.0;0.25;2.0;2.0;1.0;1.0;4.0;0.5;0.25;0.5;1.0;2.0;1.0;1.0;310;5
541;Folikon;Käfer;Pflanze;70;55;63;90;50;80;42;1.0;0.5;4.0;2.0;0.25;2.0;2.0;1.0;1.0;4.0;0.5;0.25;0.5;1.0;2.0;1.0;1.0;380;5
542;Matrifol;Käfer;Pflanze;70;75;103;80;70;70;92;1.0;0.5;4.0;2.0;0.25;2.0;2.0;1.0;1.0;4.0;0.5;0.25;0.5;1.0;2.0;1.0;1.0;490;5
543;Toxiped;Käfer;Gift;70;30;45;59;30;39;57;1.0;0.25;2.0;0.5;1.0;2.0;0.5;1.0;1.0;2.0;1.0;0.25;1.0;2.0;1.0;1.0;1.0;260;5
544;Rollum;Käfer;Gift;70;40;55;99;40;79;47;1.0;0.25;2.0;0.5;1.0;2.0;0.5;1.0;1.0;2.0;1.0;0.25;1.0;2.0;1.0;1.0;1.0;360;5
545;Cerapendra;Käfer;Gift;70;60;90;89;55;69;112;1.0;0.25;2.0;0.5;1.0;2.0;0.5;1.0;1.0;2.0;1.0;0.25;1.0;2.0;1.0;1.0;1.0;475;5
546;Waumboll;Pflanze;;70;40;27;60;37;50;66;1.0;1.0;2.0;2.0;0.5;1.0;2.0;1.0;1.0;2.0;0.5;0.5;0.5;1.0;2.0;1.0;1.0;280;5
547;Elfun;Pflanze;;70;60;67;85;77;75;116;1.0;1.0;2.0;2.0;0.5;1.0;2.0;1.0;1.0;2.0;0.5;0.5;0.5;1.0;2.0;1.0;1.0;480;5
548;Lilminip;Pflanze;;70;45;35;50;70;50;30;1.0;1.0;2.0;2.0;0.5;1.0;2.0;1.0;1.0;2.0;0.5;0.5;0.5;1.0;2.0;1.0;1.0;280;5
549;Dressella;Pflanze;;70;70;60;75;110;75;90;1.0;1.0;2.0;2.0;0.5;1.0;2.0;1.0;1.0;2.0;0.5;0.5;0.5;1.0;2.0;1.0;1.0;480;5
550;Barschuft;Wasser;;70;70;92;65;80;55;98;1.0;1.0;1.0;1.0;1.0;1.0;1.0;1.0;0.5;0.5;0.5;2.0;2.0;1.0;0.5;1.0;1.0;460;5
551;Ganovil;Boden;Unlicht;70;50;72;35;35;35;65;1.0;2.0;1.0;0.5;1.0;0.5;2.0;0.5;1.0;1.0;2.0;2.0;0.0;0.0;2.0;1.0;0.5;292;5
552;Rokkaiman;Boden;Unlicht;70;60;82;45;45;45;74;1.0;2.0;1.0;0.5;1.0;0.5;2.0;0.5;1.0;1.0;2.0;2.0;0.0;0.0;2.0;1.0;0.5;351;5
553;Rabigator;Boden;Unlicht;70;95;117;70;65;70;92;1.0;2.0;1.0;0.5;1.0;0.5;2.0;0.5;1.0;1.0;2.0;2.0;0.0;0.0;2.0;1.0;0.5;509;5
554;Flampion;Feuer;;70;70;90;45;15;45;50;1.0;1.0;1.0;1.0;2.0;2.0;0.5;1.0;0.5;0.5;2.0;0.5;1.0;1.0;0.5;1.0;1.0;315;5
555;Flampivian;Feuer;;70;105;140;55;30;55;95;1.0;1.0;1.0;1.0;2.0;2.0;0.5;1.0;0.5;0.5;2.0;0.5;1.0;1.0;0.5;1.0;1.0;480;5
555;Flampivian;Feuer;Psycho;70;105;30;105;140;105;55;1.0;0.5;1.0;1.0;2.0;2.0;1.0;2.0;0.5;0.5;2.0;0.5;1.0;0.5;0.5;1.0;2.0;540;5
556;Maracamba;Pflanze;;70;75;86;67;106;67;60;1.0;1.0;2.0;2.0;0.5;1.0;2.0;1.0;1.0;2.0;0.5;0.5;0.5;1.0;2.0;1.0;1.0;461;5
557;Lithomith;Käfer;Gestein;70;50;65;85;35;35;55;0.5;1.0;1.0;0.5;1.0;2.0;1.0;1.0;2.0;1.0;2.0;1.0;1.0;1.0;1.0;1.0;1.0;325;5
558;Castellith;Käfer;Gestein;70;70;95;125;65;75;45;0.5;1.0;1.0;0.5;1.0;2.0;1.0;1.0;2.0;1.0;2.0;1.0;1.0;1.0;1.0;1.0;1.0;475;5
559;Zurrokex;Unlicht;Kampf;35;50;75;70;35;70;48;1.0;2.0;2.0;1.0;1.0;0.5;1.0;0.5;1.0;1.0;1.0;1.0;1.0;0.0;1.0;1.0;0.25;348;5
560;Irokex;Unlicht;Kampf;70;65;90;115;45;115;58;1.0;2.0;2.0;1.0;1.0;0.5;1.0;0.5;1.0;1.0;1.0;1.0;1.0;0.0;1.0;1.0;0.25;488;5
561;Symvolara;Psycho;Flug;70;72;58;80;103;80;97;1.0;0.25;1.0;1.0;0.0;2.0;1.0;2.0;1.0;1.0;1.0;0.5;2.0;0.5;2.0;1.0;2.0;490;5
562;Makabaja;Geist;;70;38;30;85;55;65;30;0.0;0.0;1.0;0.5;1.0;1.0;0.5;2.0;1.0;1.0;1.0;1.0;1.0;1.0;1.0;1.0;2.0;303;5
563;Echnatoll;Geist;;70;58;50;145;95;105;30;0.0;0.0;1.0;0.5;1.0;1.0;0.5;2.0;1.0;1.0;1.0;1.0;1.0;1.0;1.0;1.0;2.0;483;5
564;Galapaflos;Wasser;Gestein;70;54;78;103;53;45;22;0.5;2.0;0.5;0.5;2.0;1.0;1.0;1.0;1.0;0.25;1.0;4.0;2.0;1.0;0.5;1.0;1.0;355;5
565;Karippas;Wasser;Gestein;70;74;108;133;83;65;32;0.5;2.0;0.5;0.5;2.0;1.0;1.0;1.0;1.0;0.25;1.0;4.0;2.0;1.0;0.5;1.0;1.0;495;5
566;Flapteryx;Gestein;Flug;70;55;112;45;74;45;70;0.5;1.0;0.5;0.5;0.0;2.0;0.5;1.0;2.0;0.5;2.0;1.0;2.0;1.0;2.0;1.0;1.0;401;5
567;Aeropteryx;Gestein;Flug;70;75;140;65;112;65;110;0.5;1.0;0.5;0.5;0.0;2.0;0.5;1.0;2.0;0.5;2.0;1.0;2.0;1.0;2.0;1.0;1.0;567;5
568;Unratütox;Gift;;70;50;50;62;40;62;65;1.0;0.5;1.0;0.5;2.0;1.0;0.5;1.0;1.0;1.0;1.0;0.5;1.0;2.0;1.0;1.0;1.0;329;5
569;Deponitox;Gift;;70;80;95;82;60;82;75;1.0;0.5;1.0;0.5;2.0;1.0;0.5;1.0;1.0;1.0;1.0;0.5;1.0;2.0;1.0;1.0;1.0;474;5
570;Zorua;Unlicht;;70;40;65;40;80;40;65;1.0;2.0;1.0;1.0;1.0;1.0;2.0;0.5;1.0;1.0;1.0;1.0;1.0;0.0;1.0;1.0;0.5;330;5
571;Zoroark;Unlicht;;70;60;105;60;120;60;105;1.0;2.0;1.0;1.0;1.0;1.0;2.0;0.5;1.0;1.0;1.0;1.0;1.0;0.0;1.0;1.0;0.5;510;5
572;Picochilla;Normal;;70;55;50;40;40;40;75;1.0;2.0;1.0;1.0;1.0;1.0;1.0;0.0;1.0;1.0;1.0;1.0;1.0;1.0;1.0;1.0;1.0;300;5
573;Chillabell;Normal;;70;75;95;60;65;60;115;1.0;2.0;1.0;1.0;1.0;1.0;1.0;0.0;1.0;1.0;1.0;1.0;1.0;1.0;1.0;1.0;1.0;470;5
574;Mollimorba;Psycho;;70;45;30;50;55;65;45;1.0;0.5;1.0;1.0;1.0;1.0;2.0;2.0;1.0;1.0;1.0;1.0;1.0;0.5;1.0;1.0;2.0;290;5
575;Hypnomorba;Psycho;;70;60;45;70;75;85;55;1.0;0.5;1.0;1.0;1.0;1.0;2.0;2.0;1.0;1.0;1.0;1.0;1.0;0.5;1.0;1.0;2.0;390;5
576;Morbitesse;Psycho;;70;70;55;95;95;110;65;1.0;0.5;1.0;1.0;1.0;1.0;2.0;2.0;1.0;1.0;1.0;1.0;1.0;0.5;1.0;1.0;2.0;490;5
577;Monozyto;Psycho;;70;45;30;40;105;50;20;1.0;0.5;1.0;1.0;1.0;1.0;2.0;2.0;1.0;1.0;1.0;1.0;1.0;0.5;1.0;1.0;2.0;290;5
578;Mitodos;Psycho;;70;65;40;50;125;60;30;1.0;0.5;1.0;1.0;1.0;1.0;2.0;2.0;1.0;1.0;1.0;1.0;1.0;0.5;1.0;1.0;2.0;370;5
579;Zytomega;Psycho;;70;110;65;75;125;85;30;1.0;0.5;1.0;1.0;1.0;1.0;2.0;2.0;1.0;1.0;1.0;1.0;1.0;0.5;1.0;1.0;2.0;490;5
580;Piccolente;Wasser;Flug;70;62;44;50;44;50;55;1.0;0.5;1.0;1.0;0.0;2.0;0.5;1.0;0.5;0.5;0.5;1.0;4.0;1.0;1.0;1.0;1.0;305;5
581;Swaroness;Wasser;Flug;70;75;87;63;87;63;98;1.0;0.5;1.0;1.0;0.0;2.0;0.5;1.0;0.5;0.5;0.5;1.0;4.0;1.0;1.0;1.0;1.0;473;5
582;Gelatini;Eis;;70;36;50;50;65;60;44;1.0;2.0;1.0;1.0;1.0;2.0;1.0;1.0;2.0;2.0;1.0;1.0;1.0;1.0;0.5;1.0;1.0;305;5
583;Gelatroppo;Eis;;70;51;65;65;80;75;59;1.0;2.0;1.0;1.0;1.0;2.0;1.0;1.0;2.0;2.0;1.0;1.0;1.0;1.0;0.5;1.0;1.0;395;5
584;Gelatwino;Eis;;70;71;95;85;110;95;79;1.0;2.0;1.0;1.0;1.0;2.0;1.0;1.0;2.0;2.0;1.0;1.0;1.0;1.0;0.5;1.0;1.0;535;5
585;Sesokitz;Normal;Pflanze;70;60;60;50;40;50;75;1.0;2.0;2.0;2.0;0.5;1.0;2.0;0.0;1.0;2.0;0.5;0.5;0.5;1.0;2.0;1.0;1.0;335;5
586;Kronjuwild;Normal;Pflanze;70;80;100;70;60;70;95;1.0;2.0;2.0;2.0;0.5;1.0;2.0;0.0;1.0;2.0;0.5;0.5;0.5;1.0;2.0;1.0;1.0;475;5
587;Emolga;Elektro;Flug;70;55;75;60;75;60;103;1.0;0.5;0.5;1.0;0.0;2.0;0.5;1.0;0.5;1.0;1.0;0.5;1.0;1.0;2.0;1.0;1.0;428;5
588;Laukaps;Käfer;;70;50;75;45;40;45;60;1.0;0.5;2.0;1.0;0.5;2.0;1.0;1.0;1.0;2.0;1.0;0.5;1.0;1.0;1.0;1.0;1.0;315;5
589;Cavalanzas;Käfer;Stahl;70;70;135;105;60;105;20;0.5;1.0;1.0;0.0;1.0;1.0;0.5;0.5;0.5;4.0;1.0;0.25;1.0;0.5;0.5;0.5;0.5;495;5
590;Tarnpignon;Pflanze;Gift;70;69;55;45;55;55;15;1.0;0.5;2.0;1.0;1.0;1.0;1.0;1.0;1.0;2.0;0.5;0.25;0.5;2.0;2.0;1.0;1.0;294;5
591;Hutsassa;Pflanze;Gift;70;114;85;70;85;80;30;1.0;0.5;2.0;1.0;1.0;1.0;1.0;1.0;1.0;2.0;0.5;0.25;0.5;2.0;2.0;1.0;1.0;464;5
592;Quabbel;Wasser;Geist;70;55;40;50;65;85;40;0.0;0.0;1.0;0.5;1.0;1.0;0.5;2.0;0.5;0.5;0.5;2.0;2.0;1.0;0.5;1.0;2.0;335;5
593;Apoquallyp;Wasser;Geist;70;100;60;70;85;105;60;0.0;0.0;1.0;0.5;1.0;1.0;0.5;2.0;0.5;0.5;0.5;2.0;2.0;1.0;0.5;1.0;2.0;480;5
594;Mamolida;Wasser;;70;165;75;80;40;45;65;1.0;1.0;1.0;1.0;1.0;1.0;1.0;1.0;0.5;0.5;0.5;2.0;2.0;1.0;0.5;1.0;1.0;470;5
595;Wattzapf;Käfer;Elektro;70;50;47;50;57;50;65;1.0;0.5;1.0;1.0;1.0;2.0;1.0;1.0;0.5;2.0;1.0;0.5;0.5;1.0;1.0;1.0;1.0;319;5
596;Voltula;Käfer;Elektro;70;70;77;60;97;60;108;1.0;0.5;1.0;1.0;1.0;2.0;1.0;1.0;0.5;2.0;1.0;0.5;0.5;1.0;1.0;1.0;1.0;472;5
597;Kastadur;Pflanze;Stahl;70;44;50;91;24;86;10;0.5;2.0;1.0;0.0;1.0;0.5;1.0;0.5;0.5;4.0;0.5;0.25;0.5;0.5;1.0;0.5;0.5;305;5
598;Tentantel;Pflanze;Stahl;70;74;94;131;54;116;20;0.5;2.0;1.0;0.0;1.0;0.5;1.0;0.5;0.5;4.0;0.5;0.25;0.5;0.5;1.0;0.5;0.5;489;5
599;Klikk;Stahl;;70;40;55;70;45;60;30;0.5;2.0;0.5;0.0;2.0;0.5;0.5;0.5;0.5;2.0;1.0;0.5;1.0;0.5;0.5;0.5;0.5;300;5
600;Kliklak;Stahl;;70;60;80;95;70;85;50;0.5;2.0;0.5;0.0;2.0;0.5;0.5;0.5;0.5;2.0;1.0;0.5;1.0;0.5;0.5;0.5;0.5;440;5
601;Klikdiklak;Stahl;;70;60;100;115;70;85;90;0.5;2.0;0.5;0.0;2.0;0.5;0.5;0.5;0.5;2.0;1.0;0.5;1.0;0.5;0.5;0.5;0.5;520;5
602;Zapplardin;Elektro;;70;35;55;40;45;40;60;1.0;1.0;0.5;1.0;2.0;1.0;1.0;1.0;0.5;1.0;1.0;1.0;0.5;1.0;1.0;1.0;1.0;275;5
603;Zapplalek;Elektro;;70;65;85;70;75;70;40;1.0;1.0;0.5;1.0;2.0;1.0;1.0;1.0;0.5;1.0;1.0;1.0;0.5;1.0;1.0;1.0;1.0;405;5
604;Zapplarang;Elektro;;70;85;115;80;105;80;50;1.0;1.0;0.5;1.0;2.0;1.0;1.0;1.0;0.5;1.0;1.0;1.0;0.5;1.0;1.0;1.0;1.0;515;5
605;Pygraulon;Psycho;;70;55;55;55;85;55;30;1.0;0.5;1.0;1.0;1.0;1.0;2.0;2.0;1.0;1.0;1.0;1.0;1.0;0.5;1.0;1.0;2.0;335;5
606;Megalon;Psycho;;70;75;75;75;125;95;40;1.0;0.5;1.0;1.0;1.0;1.0;2.0;2.0;1.0;1.0;1.0;1.0;1.0;0.5;1.0;1.0;2.0;485;5
607;Lichtel;Geist;Feuer;70;50;30;55;65;55;20;0.0;0.0;1.0;0.5;2.0;2.0;0.25;2.0;0.5;0.5;2.0;0.5;1.0;1.0;0.5;1.0;2.0;275;5
608;Laternecto;Geist;Feuer;70;60;40;60;95;60;55;0.0;0.0;1.0;0.5;2.0;2.0;0.25;2.0;0.5;0.5;2.0;0.5;1.0;1.0;0.5;1.0;2.0;370;5
609;Skelabra;Geist;Feuer;70;60;55;90;145;90;80;0.0;0.0;1.0;0.5;2.0;2.0;0.25;2.0;0.5;0.5;2.0;0.5;1.0;1.0;0.5;1.0;2.0;520;5
610;Milza;Drachen;;35;46;87;60;30;40;57;1.0;1.0;1.0;1.0;1.0;1.0;1.0;1.0;1.0;0.5;0.5;0.5;0.5;1.0;2.0;2.0;1.0;320;5
611;Sharfax;Drachen;;35;66;117;70;40;50;67;1.0;1.0;1.0;1.0;1.0;1.0;1.0;1.0;1.0;0.5;0.5;0.5;0.5;1.0;2.0;2.0;1.0;410;5
612;Maxax;Drachen;;35;76;147;90;60;70;97;1.0;1.0;1.0;1.0;1.0;1.0;1.0;1.0;1.0;0.5;0.5;0.5;0.5;1.0;2.0;2.0;1.0;540;5
613;Petznief;Eis;;70;55;70;40;60;40;40;1.0;2.0;1.0;1.0;1.0;2.0;1.0;1.0;2.0;2.0;1.0;1.0;1.0;1.0;0.5;1.0;1.0;305;5
614;Siberio;Eis;;70;95;110;80;70;80;50;1.0;2.0;1.0;1.0;1.0;2.0;1.0;1.0;2.0;2.0;1.0;1.0;1.0;1.0;0.5;1.0;1.0;485;5
615;Frigometri;Eis;;70;70;50;30;95;135;105;1.0;2.0;1.0;1.0;1.0;2.0;1.0;1.0;2.0;2.0;1.0;1.0;1.0;1.0;0.5;1.0;1.0;485;5
616;Schnuthelm;Käfer;;70;50;40;85;40;65;25;1.0;0.5;2.0;1.0;0.5;2.0;1.0;1.0;1.0;2.0;1.0;0.5;1.0;1.0;1.0;1.0;1.0;305;5
617;Hydragil;Käfer;;70;80;70;40;100;60;145;1.0;0.5;2.0;1.0;0.5;2.0;1.0;1.0;1.0;2.0;1.0;0.5;1.0;1.0;1.0;1.0;1.0;495;5
618;Flunschlik;Boden;Elektro;70;109;66;84;81;99;32;1.0;1.0;0.5;0.5;2.0;0.5;1.0;1.0;0.5;1.0;2.0;2.0;0.0;1.0;2.0;1.0;1.0;471;5
619;Lin-Fu;Kampf;;70;45;85;50;55;50;65;1.0;1.0;2.0;1.0;1.0;0.5;0.5;1.0;1.0;1.0;1.0;1.0;1.0;2.0;1.0;1.0;0.5;350;5
620;Wie-Shu;Kampf;;70;65;125;60;95;60;105;1.0;1.0;2.0;1.0;1.0;0.5;0.5;1.0;1.0;1.0;1.0;1.0;1.0;2.0;1.0;1.0;0.5;510;5
621;Shardrago;Drachen;;70;77;120;90;60;90;48;1.0;1.0;1.0;1.0;1.0;1.0;1.0;1.0;1.0;0.5;0.5;0.5;0.5;1.0;2.0;2.0;1.0;485;5
622;Golbit;Boden;Geist;70;59;74;50;35;50;35;0.0;0.0;1.0;0.25;1.0;0.5;0.5;2.0;1.0;1.0;2.0;2.0;0.0;1.0;2.0;1.0;2.0;303;5
623;Golgantes;Boden;Geist;70;89;124;80;55;80;55;0.0;0.0;1.0;0.25;1.0;0.5;0.5;2.0;1.0;1.0;2.0;2.0;0.0;1.0;2.0;1.0;2.0;483;5
624;Gladiantri;Unlicht;Stahl;35;45;85;70;40;40;60;0.5;4.0;0.5;0.0;2.0;0.5;1.0;0.25;0.5;2.0;1.0;0.5;1.0;0.0;0.5;0.5;0.25;340;5
625;Caesurio;Unlicht;Stahl;35;65;125;100;60;70;70;0.5;4.0;0.5;0.0;2.0;0.5;1.0;0.25;0.5;2.0;1.0;0.5;1.0;0.0;0.5;0.5;0.25;490;5
626;Bisofank;Normal;;70;95;110;95;40;95;55;1.0;2.0;1.0;1.0;1.0;1.0;1.0;0.0;1.0;1.0;1.0;1.0;1.0;1.0;1.0;1.0;1.0;490;5
627;Geronimatz;Normal;Flug;70;70;83;50;37;50;60;1.0;1.0;1.0;1.0;0.0;2.0;0.5;0.0;1.0;1.0;1.0;0.5;2.0;1.0;2.0;1.0;1.0;350;5
628;Washakwil;Normal;Flug;70;100;123;75;57;75;80;1.0;1.0;1.0;1.0;0.0;2.0;0.5;0.0;1.0;1.0;1.0;0.5;2.0;1.0;2.0;1.0;1.0;510;5
629;Skallyk;Unlicht;Flug;35;70;55;75;45;65;60;1.0;1.0;1.0;1.0;0.0;2.0;1.0;0.5;1.0;1.0;1.0;0.5;2.0;0.0;2.0;1.0;0.5;370;5
630;Grypheldis;Unlicht;Flug;35;110;65;105;55;95;80;1.0;1.0;1.0;1.0;0.0;2.0;1.0;0.5;1.0;1.0;1.0;0.5;2.0;0.0;2.0;1.0;0.5;510;5
631;Furnifraß;Feuer;;70;85;97;66;105;66;65;1.0;1.0;1.0;1.0;2.0;2.0;0.5;1.0;0.5;0.5;2.0;0.5;1.0;1.0;0.5;1.0;1.0;484;5
632;Fermicula;Käfer;Stahl;70;58;109;112;48;48;109;0.5;1.0;1.0;0.0;1.0;1.0;0.5;0.5;0.5;4.0;1.0;0.25;1.0;0.5;0.5;0.5;0.5;484;5
633;Kapuno;Unlicht;Drachen;35;52;65;50;45;50;38;1.0;2.0;1.0;1.0;1.0;1.0;2.0;0.5;1.0;0.5;0.5;0.5;0.5;0.0;2.0;2.0;0.5;300;5
634;Duodino;Unlicht;Drachen;35;72;85;70;65;70;58;1.0;2.0;1.0;1.0;1.0;1.0;2.0;0.5;1.0;0.5;0.5;0.5;0.5;0.0;2.0;2.0;0.5;420;5
635;Trikephalo;Unlicht;Drachen;35;92;105;90;125;90;98;1.0;2.0;1.0;1.0;1.0;1.0;2.0;0.5;1.0;0.5;0.5;0.5;0.5;0.0;2.0;2.0;0.5;600;5
636;Ignivor;Käfer;Feuer;70;55;85;55;50;55;60;1.0;0.5;2.0;1.0;1.0;4.0;0.5;1.0;0.5;1.0;2.0;0.25;1.0;1.0;0.5;1.0;1.0;360;5
637;Ramoth;Käfer;Feuer;70;85;60;65;135;105;100;1.0;0.5;2.0;1.0;1.0;4.0;0.5;1.0;0.5;1.0;2.0;0.25;1.0;1.0;0.5;1.0;1.0;550;5
638;Kobalium;Stahl;Kampf;35;91;90;129;90;72;108;0.5;2.0;1.0;0.0;2.0;0.25;0.25;0.5;0.5;2.0;1.0;0.5;1.0;1.0;0.5;0.5;0.25;580;5
639;Terrakium;Gestein;Kampf;35;91;129;90;72;90;108;0.5;2.0;1.0;0.5;2.0;0.5;0.5;1.0;2.0;0.5;2.0;2.0;1.0;2.0;1.0;1.0;0.5;580;5
640;Viridium;Pflanze;Kampf;35;91;90;72;90;129;108;1.0;1.0;4.0;2.0;0.5;0.5;1.0;1.0;1.0;2.0;0.5;0.5;0.5;2.0;2.0;1.0;0.5;580;5
641;Boreos;Flug;;90;79;100;80;110;90;121;1.0;0.5;1.0;1.0;0.0;2.0;0.5;1.0;1.0;1.0;1.0;0.5;2.0;1.0;2.0;1.0;1.0;580;5
641;Boreos;Flug;;90;79;115;70;125;80;111;1.0;0.5;1.0;1.0;0.0;2.0;0.5;1.0;1.0;1.0;1.0;0.5;2.0;1.0;2.0;1.0;1.0;580;5
642;Voltolos;Elektro;Flug;90;79;115;70;125;80;111;1.0;0.5;0.5;1.0;0.0;2.0;0.5;1.0;0.5;1.0;1.0;0.5;1.0;1.0;2.0;1.0;1.0;580;5
642;Voltolos;Elektro;Flug;90;79;105;70;145;80;101;1.0;0.5;0.5;1.0;0.0;2.0;0.5;1.0;0.5;1.0;1.0;0.5;1.0;1.0;2.0;1.0;1.0;580;5
643;Reshiram;Drachen;Feuer;0;100;120;100;150;120;90;1.0;1.0;1.0;1.0;2.0;2.0;0.5;1.0;0.5;0.25;1.0;0.25;0.5;1.0;1.0;2.0;1.0;680;5
644;Zekrom;Drachen;Elektro;0;100;150;120;120;100;90;1.0;1.0;0.5;1.0;2.0;1.0;1.0;1.0;0.5;0.5;0.5;0.5;0.25;1.0;2.0;2.0;1.0;680;5
645;Demeteros;Boden;Flug;90;89;125;90;115;80;101;1.0;0.5;1.0;0.5;0.0;1.0;0.5;1.0;1.0;1.0;2.0;1.0;0.0;1.0;4.0;1.0;1.0;600;5
645;Demeteros;Boden;Flug;90;89;145;90;105;80;91;1.0;0.5;1.0;0.5;0.0;1.0;0.5;1.0;1.0;1.0;2.0;1.0;0.0;1.0;4.0;1.0;1.0;600;5
646;Kyurem;Drachen;Eis;0;125;130;90;130;90;95;1.0;2.0;1.0;1.0;1.0;2.0;1.0;1.0;2.0;1.0;0.5;0.5;0.5;1.0;1.0;2.0;1.0;660;5
646;Kyurem;Drachen;Eis;0;125;120;90;170;100;95;1.0;2.0;1.0;1.0;1.0;2.0;1.0;1.0;2.0;1.0;0.5;0.5;0.5;1.0;1.0;2.0;1.0;700;5
646;Kyurem;Drachen;Eis;0;125;170;100;120;90;95;1.0;2.0;1.0;1.0;1.0;2.0;1.0;1.0;2.0;1.0;0.5;0.5;0.5;1.0;1.0;2.0;1.0;700;5
647;Keldeo;Wasser;Kampf;35;91;72;90;129;90;108;1.0;1.0;2.0;1.0;1.0;0.5;0.5;1.0;0.5;0.5;0.5;2.0;2.0;2.0;0.5;1.0;0.5;580;5
648;Meloetta;Normal;Kampf;100;100;128;90;77;77;128;1.0;2.0;2.0;1.0;1.0;0.5;0.5;0.0;1.0;1.0;1.0;1.0;1.0;2.0;1.0;1.0;0.5;600;5
648;Meloetta;Normal;Psycho;100;100;77;77;128;128;90;1.0;1.0;1.0;1.0;1.0;1.0;2.0;0.0;1.0;1.0;1.0;1.0;1.0;0.5;1.0;1.0;2.0;600;5
649;Genesect;Käfer;Stahl;0;71;120;95;120;95;99;0.5;1.0;1.0;0.0;1.0;1.0;0.5;0.5;0.5;4.0;1.0;0.25;1.0;0.5;0.5;0.5;0.5;600;5
